date,n_audio,rms_dbfs_mean,rms_dbfs_p10,rms_dbfs_p90,zcr_mean,zcr_std,duration_mean,file_size_mean
2023-11-08,900,-20.98724207348294,-25.84837474822998,-14.793934154510497,0.02319724943454356,0.006589316015110895,5.200687407407407,42359.107777777775
2023-11-09,2388,-20.004383613116776,-24.90611381530762,-13.645923233032224,0.024176031432951297,0.009018111582550429,5.243676158570631,42703.391959798995
2023-11-10,2785,-31.016593245843584,-35.4565315246582,-25.84856719970703,0.023899822102389907,0.006276842529400783,5.242224296828247,42690.77486535009
2023-11-13,2,-32.996986389160156,-34.07794952392578,-31.91602325439453,0.0225635078444208,0.0029241378549847473,5.247999999999999,42738.5
2023-12-14,14,-20.167963368552073,-23.30125331878662,-16.713550758361816,0.028406200567812828,0.007853449429445866,5.2297142857142855,42588.357142857145
2023-12-15,2574,-20.212529936036862,-24.354163360595702,-14.922922229766842,0.02565095172328157,0.007077334769717654,5.190348614348614,42279.72688422688
2023-12-16,4734,-20.900377346585962,-24.968476867675786,-15.839079380035402,0.02581557706893307,0.006840870223822598,5.21023630474581,42438.7872834812
2023-12-17,2642,-21.681552089226237,-25.369119834899898,-17.125870513916016,0.032945104896914754,0.010794820636203607,5.226359828412819,42567.061695685086
2023-12-18,2940,-19.854613314680503,-23.561184310913085,-15.32263231277466,0.05857503820122315,0.03339202129359303,5.223009523809524,42538.53197278912
2023-12-19,2067,-20.071601079175828,-24.589772033691407,-14.034135818481444,0.02621824989131572,0.007905500055631887,5.213466215126592,42460.927914852444
2023-12-20,184,-21.104058703650598,-29.46224346160889,-14.48134546279907,0.02962908987978901,0.011174750007281442,5.246608695652173,42733.114130434784
2023-12-21,216,-21.693532325603343,-30.902348518371582,-14.607076644897461,0.02876833683853373,0.009976648505276561,5.24641975308642,42728.48611111111
2024-01-12,5582,-20.537882478294385,-24.6660249710083,-15.781001377105714,0.028392187035888375,0.008554679672332388,5.137870775110474,41864.90863489789
2024-01-13,3375,-18.466441409216987,-23.08372917175293,-13.089157295227052,0.02817596903033358,0.009652268695999321,5.13777461728395,41866.33422222222
2024-01-14,3551,-18.625771527624707,-23.35873031616211,-12.810243606567385,0.034862106451421356,0.015027926570559097,5.1660189617948,42088.287243030136
2024-01-15,4529,-20.356819529227007,-24.37993392944336,-15.470018768310547,0.029641287438023398,0.009122801157677931,5.14445631853978,41917.442481784055
2024-01-16,2000,-23.419841786384584,-28.872321319580077,-15.47424001693725,0.04028063116876614,0.02354176897010977,5.172352,42137.1475
2024-01-17,4905,-21.883697488281218,-26.289004898071287,-16.41521835327148,0.02690745277327891,0.007964649432001735,5.136927488956847,41858.38899082569
2024-01-18,5304,-21.713498207328907,-26.14108943939209,-16.35954532623291,0.029788283774182703,0.009575928785560434,5.131084967320261,41813.74076168929
2024-01-19,3474,-22.915050346685266,-27.974957275390622,-16.720497131347656,0.02880333272402662,0.010801938699503263,5.155887161773172,42005.87996545769
2024-01-20,3500,-22.966782850401742,-26.904905319213867,-17.986799240112305,0.030758118048073966,0.010074113470103637,5.154962285714285,41999.97342857143
2024-01-21,1024,-23.134052775800228,-26.729770660400387,-18.234210395812983,0.034597670981082,0.012045715717014962,5.1771666666666665,42174.4619140625
2024-01-22,5082,-22.080672574202783,-26.447629356384272,-16.584864616394043,0.02645782082866903,0.008308297679557706,5.132996458087367,41826.63223140496
2024-01-23,4942,-21.476675330555327,-25.628746795654298,-15.966436767578125,0.0419439084989332,0.03199337676649337,5.1277355996222855,41786.23229461756
2024-01-24,4360,-21.735139873049675,-26.30946750640869,-15.788205051422123,0.03216920195617681,0.010601516687955876,5.1309602446483185,41810.6002293578
2024-01-25,2909,-19.67457372866041,-23.754230499267578,-14.129673957824705,0.030573639367151868,0.009756479515360452,5.1256321760055,41768.52939154349
2024-01-26,3229,-19.48488140637825,-23.493902206420895,-14.609429550170898,0.03206760529518222,0.010326810688140016,5.140005368018995,41883.773304428614
2024-01-27,4700,-20.35240299346599,-24.249296188354492,-15.53062705993652,0.028476858557238294,0.007024564576940781,5.1321826950354605,41820.43468085107
2024-01-28,1755,-22.926233023727722,-27.263857650756837,-17.652894210815425,0.05493727265167347,0.03890413209985618,5.184036467236467,42229.203988603986
2024-01-29,4176,-22.748684589661856,-26.925405502319336,-17.372836112976074,0.026635248964442172,0.0074742888677079965,5.153287356321839,41986.46767241379
2024-01-30,4893,-22.350438195553483,-26.866400909423827,-16.461152648925783,0.026207253713117478,0.008687039942021016,5.1445204714217585,41918.54690374004
2024-01-31,5308,-22.18283970848276,-26.738170433044434,-16.183746337890625,0.026938566011475873,0.00844263453733134,5.132732479276563,41824.077430293895
2024-02-01,5306,-21.90997981243299,-26.3125,-16.2742977142334,0.02609396958746127,0.00763032407087348,5.1338148008543785,41834.13663776856
2024-02-02,5352,-21.719596054611007,-25.85740566253662,-16.476041793823242,0.029711066811934323,0.007958247019674099,5.128211260587942,41788.61846038864
2024-02-03,4812,-22.099174302117785,-25.86708354949951,-17.066561317443846,0.02820741340071027,0.008170615718851361,5.1455893599335,41926.91978387365
2024-02-04,3861,-21.640101777614937,-25.398277282714844,-16.763351440429688,0.027569414019381528,0.007786178916319444,5.145062937062937,41923.12224812225
2024-02-05,4502,-20.9479359357106,-24.861950302124022,-16.267609214782716,0.026868827682838447,0.007044241999240433,5.142916037316748,41906.03820524211
2024-02-06,5471,-20.282636860436266,-24.43589401245117,-15.152936935424805,0.026221726390787504,0.00705022525072435,5.128453786632548,41791.86876256626
2024-02-07,5632,-20.425247611985967,-24.417771530151366,-15.466369247436521,0.026457798028002064,0.007227538465601736,5.128363636363637,41790.810724431816
2024-02-08,4311,-20.003206644166625,-24.12716293334961,-14.988531112670898,0.026251418937388478,0.007235093409879113,5.112695894224077,41665.78079331941
2024-02-09,5824,-20.28342696508536,-24.252812767028807,-15.440739727020263,0.026464645201942912,0.006653235671297579,5.1196776556776555,41723.70364010989
2024-02-10,5127,-20.34637942443425,-24.517138671875,-15.220329093933106,0.025941881490278155,0.007325679782698622,5.123645016578896,41752.34386580846
2024-02-11,3854,-21.52146887383315,-25.303463554382326,-16.822298049926758,0.027395851805331405,0.007730111070728464,5.146525514616848,41935.41203943954
2024-02-12,5601,-20.503386080084134,-24.671119689941406,-15.284527778625488,0.026443219005230483,0.007025925289082297,5.120959828602035,41732.64863417247
2024-02-13,801,-26.35445108068421,-32.13566589355469,-17.620718002319336,0.021861700219341553,0.01001128186032837,5.202030794839784,42368.464419475655
2024-02-14,3827,-24.777068943026674,-29.441910171508788,-19.143336486816406,0.024937687863242613,0.008813569417280492,5.142364602386551,41900.607264175596
2024-02-15,2986,-24.191276251670903,-28.98043441772461,-17.89919662475586,0.025513651947900683,0.009379988747359742,5.099652601027015,41563.94373744139
2024-02-16,5520,-23.311702171443166,-27.88585796356201,-17.252730369567864,0.026711393797171926,0.008610871108009531,5.124374879227053,41760.36630434782
2024-02-17,3792,-25.202415263351007,-29.3728967666626,-19.6962739944458,0.028058843031478,0.009991143534769613,5.138857946554149,41873.38607594937
2024-02-18,3977,-22.07873866975922,-27.07566680908203,-15.894915771484376,0.024575359527686816,0.008749016430950352,5.145833878132596,41928.872516972595
2024-02-19,4948,-23.46492884423141,-27.785169219970705,-17.474418449401853,0.029594669020680205,0.011561190958943096,5.125984370789545,41771.84357316087
2024-02-20,4570,-22.865933190706784,-27.175258445739747,-17.34675521850586,0.027753736613471663,0.009456432827378528,5.112773741794311,41667.14792122538
2024-02-21,5783,-22.249604404003545,-26.44354362487793,-17.340901947021482,0.02838399460361972,0.008810801778681729,5.111441581647357,41657.74546083348
2024-02-22,5467,-21.569855472996615,-25.93308792114258,-16.202522277832028,0.027146578916015324,0.007295634911098736,5.103314188159258,41590.620815803915
2024-02-23,5587,-21.236145133470323,-25.296194076538086,-16.30138816833496,0.029978425889574764,0.008188558354774382,5.1116759143249215,41658.71129407553
2024-02-24,1998,-20.917122895295197,-24.725528717041016,-16.394319915771483,0.02769484148237515,0.007702738719441246,5.134264931598265,41835.21321321321
2024-04-03,793,-17.886331392266563,-21.087784576416016,-14.088566589355468,0.05629831748893323,0.0422613701686321,5.171221521647751,42129.283732660784
2024-04-04,1963,-21.24998774555224,-25.019901657104494,-16.33934783935547,0.028150874467643357,0.0072234142826984255,5.116739684156903,41696.85124808966
2024-04-05,4750,-20.738299398321853,-24.82134494781494,-16.002489757537838,0.025980391446752377,0.008612993175540576,5.0703270175438595,41331.05368421053
2024-04-06,5623,-21.1011897835383,-24.760571670532222,-16.672588729858397,0.02720474238692301,0.00754255301977107,5.094459185488174,41521.25022230126
2024-04-07,4576,-21.61039748652415,-25.462228775024414,-16.758044242858887,0.02678684784956563,0.007989659731795884,5.115692307692307,41689.335445804194
2024-04-08,5988,-20.628822487039255,-24.962071990966795,-14.582057762145993,0.02307113901271005,0.0064740529154082675,5.157180138053885,42018.05227120908
2024-04-09,6936,-20.28775371468466,-25.1476993560791,-13.789371967315674,0.02158249877168734,0.006722812770053502,5.202085351787773,42373.75317185698
2024-04-10,6673,-20.896392997694253,-25.03727378845215,-15.590305137634276,0.025518427149028054,0.0070155869331207646,5.169885408861582,42118.46755582197
2024-04-11,5832,-20.781849363703788,-24.85761203765869,-15.64327459335327,0.03381105479388721,0.011088128825303845,5.128149977137631,41789.91546639232
2024-04-12,6208,-19.864122965286686,-23.78356761932373,-15.019789791107177,0.03648553108589548,0.016017870938638115,5.135161512027492,41845.5162693299
2024-04-13,5741,-19.96230885833424,-24.0317497253418,-15.168325424194336,0.02636410315428016,0.008057074942951263,5.1362610462753295,41851.63490681066
2024-04-14,4923,-20.91620665925464,-24.760775756835937,-16.08337936401367,0.033142225643581436,0.017478863321228368,5.139586972713115,41877.65122892545
2024-04-15,6326,-19.96429056914743,-24.4168701171875,-14.53397274017334,0.023723910237080526,0.006872107862495996,5.179325956370534,42192.552007587736
2024-04-16,5571,-20.605979773583563,-25.114635467529297,-14.87131118774414,0.023022158160305995,0.006816296089114965,5.200830012565069,42362.583557709564
2024-04-17,6343,-20.36855349825625,-24.60815010070801,-14.836258506774902,0.0245666053998754,0.00784454119609217,5.157251773608703,42018.91124073782
2024-04-18,5066,-20.43156488695683,-24.09103488922119,-15.858769416809082,0.031903199095753364,0.013248042513141788,5.138141334386104,41867.03355704698
2024-04-21,332,-21.750114469643098,-25.52029457092285,-16.923187255859375,0.02554088652056487,0.006028159998144586,5.187084337349397,42251.43975903615
2024-04-22,6294,-20.822768937984574,-25.353243446350103,-15.184457111358643,0.024022332808926412,0.007000877952192,5.132825759983052,41826.10374960279
2024-04-23,6725,-20.113653632663883,-24.549421691894533,-14.92769947052002,0.02359850777850009,0.0068793773457428474,5.112373928128872,41663.07940520446
2024-04-24,5016,-20.481602765346448,-24.946036338806152,-14.940162658691406,0.024185840957599278,0.007056927275491246,5.134120148856991,41836.02332535885
2024-04-25,6962,-20.89373390943762,-25.292961502075194,-15.495841979980467,0.02369693923062562,0.0065913041170684306,5.108147467202911,41629.390835966675
2024-04-26,7384,-20.737685005429764,-25.244134140014648,-15.12774076461792,0.022965928895918832,0.006391146833997271,5.106929577464789,41621.10116468039
2024-04-27,7381,-20.54841143244118,-24.975101470947266,-15.043447494506836,0.024743435329224746,0.007229237371523286,5.108797181953665,41635.27950142257
2024-04-28,2793,-21.52489551744963,-25.723338317871093,-15.883084106445311,0.02531141412786167,0.0076241959947632165,5.115783745076978,41689.30110991765
2024-04-29,1882,-20.433682785784146,-25.15699996948242,-14.5370512008667,0.022344929615555138,0.00624615598346003,5.2231526744597945,42539.18862911796
2024-04-30,5540,-20.883170486357237,-25.1388370513916,-15.698126792907711,0.025115144771345615,0.006346302484699106,5.210678219013237,42440.14657039711
2024-05-01,6849,-21.069547340319545,-25.635192108154296,-15.29045639038086,0.02384337479754545,0.0067870957116430266,5.204947096899791,42395.34092568258
2024-05-02,5765,-20.4249140194366,-24.873406219482423,-14.78725242614746,0.02262773014390754,0.006996367945592093,5.210662041052327,42440.27267996531
2024-05-03,6810,-20.5493698912045,-25.145258712768555,-14.63017768859863,0.023352948101559544,0.006411239333479475,5.197514243759177,42337.25594713656
2024-05-04,7113,-20.76869712210432,-25.258855819702152,-14.515307617187498,0.02334624077960206,0.006957144474962555,5.194848118468531,42315.25376071981
2024-05-05,4581,-21.65479320242165,-25.379619598388672,-17.1929988861084,0.04443602445435287,0.021460071487389584,5.212896165320527,42457.95568653133
2024-05-06,6361,-20.512106519584254,-24.977294921875,-14.786836624145508,0.025120626401324172,0.008454742296733821,5.198947754545931,42347.532935073104
2024-05-07,7288,-20.384026506598772,-25.222932434082033,-13.8426287651062,0.02177673409719449,0.0065077760861387245,5.193624588364434,42306.98037870472
2024-05-08,5313,-20.707659541965988,-24.83483848571777,-15.613954544067381,0.033434421637348076,0.021276788077639622,5.208818620992534,42426.54488989271
2024-05-09,3586,-20.605014158106357,-25.00111198425293,-14.977234840393066,0.024386927548089975,0.0062950811720836365,5.222656999442275,42535.78862242052
2024-05-10,3811,-20.27260145369054,-24.35590362548828,-15.569809913635254,0.028875432258629735,0.007665298182393853,5.222888130849296,42536.08449225925
2024-05-11,4014,-20.22924085143317,-24.60595035552979,-14.782993316650389,0.02504506574467971,0.006944461505690257,5.218301278857332,42500.089187842554
2024-05-12,5736,-21.687725361005366,-25.607818603515625,-16.919546127319336,0.028572755394832453,0.008542833547399532,5.19912970711297,42348.688807531384
2024-05-13,5727,-20.710112511851474,-25.20955009460449,-15.133789253234863,0.02486141044093239,0.008884618116474717,5.188019323671497,42262.37139863803
2024-05-14,4177,-18.223294943064516,-22.62253074645996,-12.692908096313475,0.022125075326010765,0.008533786986467118,5.151175165589338,41972.59420636821
2024-05-15,89,-18.622726418998806,-22.847154235839845,-11.476690483093261,0.061437970312093054,0.018764594261706534,5.199580524344569,42357.74157303371
2024-05-19,3123,-17.15192792708012,-21.031387329101562,-12.111561012268066,0.016556946546556046,0.0037363155933747734,5.132978973209521,41825.97758565482
2024-05-20,4236,-16.63540157200144,-20.908745765686035,-11.736213207244873,0.016389534257526123,0.004010938145232016,5.134866855524079,41841.47733711048
2024-05-21,4195,-17.018217157379805,-21.23072814941406,-12.2555721282959,0.01655385101172122,0.003927050331750923,5.147786730234406,41942.98021454112
2024-05-22,1125,-16.7543577969869,-20.750504684448238,-12.254263496398925,0.017706372974112258,0.004014302920354506,5.168090074074073,42104.78666666667
2024-05-31,3350,-240.0,-240.0,-240.0,0.0,0.0,5.213433631840796,42460.030746268654
2024-06-01,4308,-240.0,-240.0,-240.0,0.0,0.0,5.215435468895079,42475.824280408546
2024-06-02,3809,-240.0,-240.0,-240.0,0.0,0.0,5.215481928765206,42476.48726699921
2024-06-03,3651,-240.0,-240.0,-240.0,0.0,0.0,5.217229982653154,42490.32237743084
2024-06-04,3828,-240.0,-240.0,-240.0,0.0,0.0,5.2150971786833855,42473.58777429467
2024-06-05,4039,-240.0,-240.0,-240.0,0.0,0.0,5.216382933069241,42483.74572914088
2024-06-06,3684,-240.0,-240.0,-240.0,0.0,0.0,5.218513210278683,42500.99647122693
2024-06-07,4383,-240.0,-240.0,-240.0,0.0,0.0,5.214074986691003,42464.11978097194
2024-06-08,4481,-240.0,-240.0,-240.0,0.0,0.0,5.21146529792457,42444.58647623298
2024-06-09,90,-240.0,-240.0,-240.0,0.0,0.0,5.230933333333334,42599.188888888886
2024-06-17,2750,-240.0,-240.0,-240.0,0.0,0.0,5.145786181818182,41924.67890909091
2024-06-18,3666,-220.33557349869415,-240.0,-56.58492469787598,0.005597971546209614,0.026616378654040547,5.148909983633388,41951.631478450625
2024-06-19,3869,-212.878863844646,-240.0,-61.77026824951171,0.015794742676431918,0.05085460547203969,5.169801671405186,42116.26854484363
2024-06-20,3930,-240.0,-240.0,-240.0,0.0,0.0,5.215343172179813,42474.53384223919
2024-06-21,4012,-232.6120764686246,-240.0,-240.0,0.00724746678397963,0.04291276441968582,5.212309737454304,42451.17647058824
2024-06-22,2713,-240.0,-240.0,-240.0,0.0,0.0,5.211498218454356,42443.829340213786
2024-06-26,4503,-30.638654433645833,-35.72912368774414,-24.263475799560545,0.028840245926332112,0.007412299621716054,5.129873121622622,41803.24250499667
2024-06-27,4165,-91.9136063840209,-240.0,-41.993299102783205,0.025006067904678308,0.02772791474024309,5.143131172468988,41908.405042016806
2024-06-28,6354,-161.91465881841154,-240.0,-45.778393554687504,0.011402490265779903,0.019850925457752966,5.178339313818067,42183.97497639283
2024-06-29,1673,-112.41485651794908,-240.0,-34.72854385375977,0.012788934428382496,0.010963890296789744,5.170751145646543,42123.425582785414
2024-06-30,659,-57.31677425540814,-61.87033920288086,-50.87396316528319,0.09053087956726985,0.032614286645962755,5.069001544978133,41297.49924127466
2024-07-10,58,-80.65356747857456,-80.73967361450195,-80.5325553894043,0.3737593236181222,0.0036579399225323186,5.029534756431309,40983.98275862069
2024-07-11,3769,-76.40308593280375,-80.70594024658203,-71.23601531982422,0.2732407823541563,0.07928366262735087,5.078262685988873,41371.9617935792
2024-07-12,3934,-74.40503971214275,-80.71124114990235,-60.21390113830566,0.2589651343950408,0.11399424821247123,5.076292153872225,41356.41814946619
2024-07-13,3303,-73.24665753985043,-80.67916564941406,-63.8131462097168,0.22996666728925558,0.11431193829059604,5.086682168275526,41438.745080230095
2024-07-14,3601,-76.46678995854388,-80.68966674804688,-70.53506469726562,0.28064237143019577,0.0921790805699636,5.090101124593131,41466.44709802832
2024-07-15,2762,-71.03689134336743,-78.90821838378906,-60.1906551361084,0.198168748262098,0.0880610582069254,5.088007671328246,41449.61984069515
2024-07-16,2332,-76.58248781953422,-80.68618087768554,-72.0751708984375,0.28349304858844804,0.07840243001739261,5.090957942925598,41473.387221269295
2024-07-17,2959,-65.17161381635444,-80.70267639160156,-53.017828369140624,0.14542197512724805,0.16557645505271054,5.17931184220055,42161.84251436296
2024-07-18,4041,-55.9442811596367,-61.25368118286133,-49.171875,0.026231572969959097,0.007224018022861439,5.247073496659243,42693.88839396189
2024-07-19,4189,-56.418742014360646,-61.44936218261719,-50.24938507080078,0.02458673347198651,0.006694578193589931,5.25306676215485,42741.765576509904
2024-07-20,3858,-56.21019808995161,-61.56821403503418,-49.26211013793945,0.02475788814623364,0.007514827925218985,5.249258164852255,42711.368843960605
2024-07-21,3838,-55.68969958694482,-61.50753326416016,-46.90928993225097,0.02295024867987595,0.0076733802313933425,5.253232760118117,42742.75742574257
2024-07-22,3407,-56.67627592061599,-61.74607543945312,-50.721736145019534,0.026473493348821993,0.010649390540579303,5.246587809411995,42690.331963604345
2024-07-23,3418,-56.4557238188733,-61.01251335144043,-50.892405319213864,0.03330516849106571,0.008378706533354818,5.2530438853130486,42741.417788180224
2024-07-24,5591,-56.6314565398957,-61.335697174072266,-50.803466796875,0.03124575173576218,0.008170878141750236,5.253192869492636,42743.21212663209
2024-07-25,5931,-56.81308330458064,-61.77753829956055,-50.70783615112305,0.026928222087737187,0.007042968117233465,5.246724891811386,42691.58674759737
2024-07-26,6512,-56.173260229811326,-61.66708259582519,-49.11784820556641,0.02327412432750119,0.00662375691222232,5.24775563063063,42699.30558968059
2024-07-27,5751,-56.285909489867294,-61.82331085205078,-48.86931991577149,0.023137098809187847,0.007680634435012696,5.248727177882107,42707.36080681621
2024-07-28,5065,-56.05029220731684,-61.61247940063477,-48.30002136230468,0.02259487676574259,0.007036855541839156,5.24584968739717,42684.24896347483
2024-07-29,5071,-56.89723297153744,-61.66759490966797,-50.93974685668945,0.03129593205350206,0.009206869062596407,5.254543745480838,42753.13665943601
2024-07-30,6643,-57.004422248818514,-62.141011810302736,-50.29346618652344,0.02724868857895596,0.007909486428136787,5.2488010437051535,42707.72753274123
2024-07-31,5931,-57.26227261239854,-62.442989349365234,-50.64840316772461,0.029382468809235316,0.011712853454340614,5.248715562299781,42707.10419828022
2024-08-01,6893,-57.31784722214597,-62.28510437011719,-51.31202621459961,0.026138842136527094,0.007452581165100313,5.246382416944726,42688.46481938198
2024-08-02,7011,-57.5105936847252,-62.69769287109375,-51.32436752319336,0.0256403601601791,0.007446352871979579,5.246926258736271,42692.88860362288
2024-08-03,6599,-56.705004621408335,-61.591347503662114,-50.61309967041016,0.026737722500503193,0.008325681278351876,5.251976865181592,42732.79436278224
2024-08-04,5458,-57.788534601252785,-61.904183578491214,-52.90439872741699,0.03002921027858143,0.010269416669566949,5.246466593379749,42689.32502748259
2024-08-05,6210,-56.8350150183587,-61.62908935546876,-50.789815521240236,0.026682013801876295,0.007767355960718831,5.25197037037037,42732.781481481485
2024-08-06,5880,-57.06390565917606,-61.878413391113284,-50.90935668945311,0.027406079189824784,0.007724915255409382,5.248688662131519,42706.9787414966
2024-08-07,5699,-56.653858501757625,-61.038666534423825,-51.01461410522461,0.033966921111185815,0.008560830874337004,5.245891442943206,42684.34655202667
2024-08-08,5846,-56.84236909166167,-61.30121612548828,-51.456844329833984,0.03334021282590893,0.008995823707748424,5.250882426730528,42723.99367088608
2024-08-09,5676,-56.450704397829256,-60.709272384643555,-51.30940818786621,0.04057564048936186,0.010864060853209245,5.249111111111111,42710.358703312195
2024-08-10,4385,-55.991928757827395,-61.05602035522461,-49.52790756225586,0.02850006780080642,0.00903772668993512,5.253437780311668,42744.93546180159
2024-08-11,3727,-55.57341518048982,-61.20733413696289,-47.28499069213867,0.023261933795163652,0.007359862163019456,5.248624273320812,42706.28602092836
2024-08-12,3328,-56.40958155003878,-61.342644882202144,-50.48550872802734,0.026851545826157563,0.009720259814228081,5.249547275641025,42713.530949519234
2024-08-13,3673,-55.91483224629382,-61.221255493164065,-49.06751403808594,0.02495363201456301,0.007374625716825864,5.253647517923586,42746.28559760414
2024-08-14,3712,-56.48093310460962,-61.410987091064456,-50.346435546875,0.027824913283756903,0.008894969336506,5.257519935344828,42777.08001077586
2024-08-15,3914,-56.524485372193446,-61.518855285644534,-50.60934219360352,0.025053396520558387,0.006967373231032789,5.249868506216998,42716.40546755237
2024-08-16,4137,-56.52947550232583,-61.72511749267578,-50.13879165649414,0.024023855872603472,0.006821801304457336,5.251661107082427,42730.669083877205
2024-08-17,3324,-56.62242065181801,-61.69671249389648,-50.67215118408203,0.025613641482389746,0.007055779847332967,5.247136782992379,42694.27316486161
2024-08-18,2193,-56.598724579191405,-60.48999938964844,-52.24014129638672,0.05597062693979638,0.02030965351734813,5.252047727618179,42734.05471956224
2024-08-19,3272,-56.41402785935437,-61.08583984375,-50.78095054626465,0.03325275767234101,0.009563667250265447,5.249698451507742,42715.029645476774
2024-08-20,3690,-56.48189798577368,-61.25807876586914,-50.648976516723636,0.027767669576565242,0.007424388906204628,5.247041734417344,42693.918699186994
2024-08-21,3810,-56.03456427005958,-61.229443359375,-49.69643974304199,0.025220521783612,0.00741983891928328,5.247259842519685,42695.63937007874
2024-08-22,6757,-56.73243921191554,-61.85608978271485,-50.579518890380854,0.02420058318810826,0.007046809578022503,5.2480619604360905,42701.59671451828
2024-08-23,7783,-56.55925867628901,-61.63063735961914,-49.99983291625976,0.024294198425717145,0.00688286893690718,5.246545376675661,42689.87858152384
2024-08-24,6892,-56.58634771500918,-61.73255500793457,-49.586694335937494,0.02455843752239958,0.007757040964005274,5.248832269297736,42708.14596633778
2024-08-25,6688,-56.34194857452475,-61.86161041259765,-47.95776443481446,0.023600123151484288,0.007923024503798934,5.249144736842105,42710.27526913876
2024-08-26,6066,-56.972815264265726,-62.005558013916016,-50.07599449157715,0.02738171953899391,0.008887156583470722,5.249409385646774,42712.569073524566
2024-08-27,6787,-57.07774686328578,-61.98175811767578,-50.52227249145507,0.026907865379492617,0.008411630992739703,5.250138303619664,42718.25342566671
2024-08-28,6702,-57.170739591673076,-62.16180267333984,-50.465711975097655,0.02759142261742608,0.01039047149300261,5.252700785835074,42738.42614145031
2024-08-29,6984,-57.257553215289036,-61.931109237670896,-51.37719650268555,0.027781219473409297,0.009025750840527267,5.2470210003818245,42693.28307560137
2024-08-30,7681,-57.12827364520905,-62.21378707885742,-50.77262878417969,0.027084299897830295,0.007989630088162577,5.251020874018139,42725.63481317537
2024-08-31,6361,-57.29245692569305,-62.1269416809082,-50.85491180419922,0.02735500169951811,0.008077065267192303,5.254678614473614,42754.299481213646
2024-09-01,5413,-58.031664336870676,-62.54921264648438,-52.51726150512695,0.02742496082982814,0.007907455664526978,5.252628363815505,42737.9776464068
2024-09-02,6253,-56.74065101339248,-62.472792053222655,-47.75107498168945,0.023954715348833328,0.008589699800716078,5.250029852337545,42717.69134815289
2024-09-03,1,-63.76159286499024,-63.76159286499024,-63.76159286499024,0.0238766642011834,,5.397333333333333,43893.0
2024-09-04,5442,-56.94642721244142,-62.055511474609375,-50.30791244506836,0.02535918280746211,0.00743285528903164,5.250610069827269,42721.89764792356
2024-09-05,5638,-56.8081814724319,-62.10411415100098,-50.177452850341794,0.026652964231058722,0.007771676693276454,5.2496378148279526,42714.46328485278
2024-09-06,6659,-56.76106001124545,-62.07099151611328,-49.99188385009766,0.024789760890126005,0.006944862407094674,5.249867147219302,42716.20528607899
2024-09-07,5719,-57.10278837854659,-61.79184417724609,-51.692025756835946,0.03161739855047912,0.013309759046194847,5.247807192399604,42699.88861689106
2024-09-08,6031,-56.41740280920505,-61.51863861083984,-50.03233337402344,0.026886091283548914,0.007663675466861181,5.250368761399436,42719.96302437407
2024-09-09,5790,-56.75288510363748,-61.70733642578125,-50.19013557434082,0.025460301340231296,0.007057189201813083,5.247601611974669,42698.22936096718
2024-09-10,4536,-56.65437930433418,-61.7981071472168,-49.98895454406738,0.025178829128693743,0.007246923003737057,5.253133744855967,42742.422398589064
2024-09-11,3795,-56.41997092527206,-61.56685791015625,-49.93362731933594,0.0243123619673147,0.006880115478532991,5.248533333333333,42705.58893280633
2024-09-12,3880,-56.52298983249468,-61.62979240417481,-50.121467971801756,0.02463756844175187,0.0070368721261149835,5.2546187285223365,42753.86572164948
2024-09-13,5772,-56.220767809959725,-61.521068572998054,-49.771098327636714,0.023070002343963652,0.006841988918057176,5.254615384615384,42753.968988218985
2024-09-14,7237,-56.416530021139316,-62.051597595214844,-48.43430480957031,0.023928251406416006,0.007967395320616699,5.24577338676247,42683.413292800884
2024-09-15,7106,-56.44357820956968,-61.96713066101074,-47.86319541931152,0.023509764707401053,0.00808974974544114,5.248035087719298,42701.61018857304
2024-09-16,5937,-57.45465202003853,-62.184408569335936,-51.22333755493164,0.025351804128739927,0.007128212972222725,5.2510532816798605,42725.62876873842
2024-09-17,6684,-57.29901376846377,-62.252433395385744,-50.77210540771485,0.025233958688738102,0.007049954742946296,5.249686914023538,42714.840065828845
2024-09-18,7155,-57.24313873701542,-62.25347747802734,-50.75029678344727,0.026113540339917835,0.007040522111154097,5.249906172839506,42716.29615653389
2024-09-19,6782,-57.584249377777994,-62.5523681640625,-51.16282653808594,0.02566153364866558,0.0071991411339737636,5.251422490907304,42728.669713948686
2024-09-20,7509,-57.618434358871895,-62.698062133789065,-51.09824066162109,0.026428633491072103,0.007421891754554225,5.250230123851377,42718.9957384472
2024-09-21,6840,-57.15375787835372,-62.16185188293457,-50.09703330993652,0.025468656437295144,0.007298911684511564,5.245212768031189,42679.112865497074
2024-09-22,6393,-57.18511282235976,-62.32597885131836,-50.470114898681636,0.025211574496000026,0.007604741335305092,5.250986704207727,42725.26075394963
2024-09-23,6375,-57.16855230653052,-62.09691543579102,-50.57334823608399,0.026640470162148603,0.007538928055905623,5.249753307189542,42714.86447058823
2024-09-24,6725,-57.22308244414489,-62.0391227722168,-50.815437316894524,0.02706268740699374,0.007647421026382565,5.250261016109046,42719.11717472119
2024-09-25,6812,-57.305386285395464,-62.06112365722656,-50.92042503356932,0.027781168973594752,0.007565971280814219,5.250480426697983,42720.976658837346
2024-09-26,5395,-57.06576817170462,-61.5571044921875,-51.109536743164064,0.03710758292132578,0.011779616553047817,5.249800803212851,42715.91862835959
2024-09-27,4179,-55.92108801398788,-61.02340087890625,-49.60133514404296,0.027077416648808937,0.007581686883790671,5.2501384701284195,42718.76740847093
2024-09-28,3777,-56.889579291188404,-61.662315368652344,-51.01903533935547,0.02676704405083967,0.0068602154455746234,5.251932574353543,42733.08922425205
2024-09-29,2912,-57.4342300760877,-61.744588470458986,-52.483633804321286,0.03380962551769911,0.00795254795021243,5.249460393772893,42712.429258241755
2024-09-30,3515,-56.17259633049348,-61.18541259765625,-49.89565887451172,0.02714609266142208,0.007851004392455133,5.249348127074443,42712.090469416784
2024-10-01,3598,-56.74872540870993,-61.56711311340332,-50.64112205505371,0.026192768285115218,0.006773117747131321,5.249574207893273,42713.71511951084
2024-10-02,3773,-56.65067725910801,-61.67422180175781,-50.46034393310547,0.026277014662674868,0.0072181695053793685,5.244938775510204,42677.19401007156
2024-10-03,3915,-56.836178183525156,-61.81133880615234,-50.59881057739258,0.025490046717276924,0.007072564962527052,5.249604597701149,42714.50217113666
2024-10-04,4281,-55.96428588906395,-61.09486389160156,-49.71855163574219,0.023682037413842887,0.006789948731667524,5.250966440862727,42725.04508292455
2024-10-05,4096,-56.469423113856465,-61.749155044555664,-49.20903205871582,0.023799174210937767,0.0072526790608072374,5.248349934895833,42703.981689453125
2024-10-06,3685,-57.12127466188842,-62.19308013916016,-49.97716674804688,0.024482870826855362,0.007490498903061458,5.253749253731343,42747.14654002713
2024-10-07,4589,-57.520764948366306,-62.360485839843754,-51.14185180664063,0.026384791403951172,0.00798634919653247,5.24866114621922,42706.37851383744
2024-10-08,6958,-57.134285138166646,-62.06754684448242,-50.76683540344238,0.025636514885939553,0.00752406946808194,5.252349813164702,42735.94279965507
2024-10-09,6706,-57.49805442361806,-62.12090301513672,-51.455326080322266,0.02571932249835804,0.006909299667023794,5.249416741226762,42712.547271100506
2024-10-10,7159,-57.26177900505892,-62.25122756958008,-50.44048156738281,0.025576947390836855,0.0073869109148418195,5.250035666061368,42717.352283838525
2024-10-11,8265,-56.839418824571446,-61.82053833007812,-50.46139068603515,0.024542705328509235,0.006967508710307746,5.246523089332526,42689.53212341198
2024-10-12,10811,-57.064849378575055,-61.95043563842773,-51.79226303100586,0.024217229471201637,0.006708937393494921,5.249057688157124,42709.79049116641
2024-10-13,6952,-57.9742190879014,-62.0541934967041,-53.32955932617188,0.02918846453940707,0.007785639031968727,5.248197257383966,42702.40779631761
2024-10-14,5911,-57.43445766889752,-61.98532485961914,-51.62873077392578,0.027434352820599424,0.007421727228590029,5.249097276264591,42710.28726103874
2024-10-15,6577,-57.398538872810306,-62.14454116821289,-51.34398727416992,0.025980972965337266,0.007187530684046609,5.249336475596777,42711.82454006386
2024-10-16,5002,-55.02379875343259,-61.30714721679688,-47.609679794311525,0.022104447509345506,0.008686180665537807,5.247988138078101,42700.95181927229
2024-10-17,6808,-57.07326347987604,-61.93245277404785,-51.110194778442384,0.025396033963970277,0.007417216008195472,5.248412162162161,42704.35766745006
2024-10-18,5755,-57.18341040855693,-62.116572570800784,-50.675916290283205,0.024945452197497286,0.007134366648329597,5.24522560092673,42679.32163336229
2024-10-19,6254,-56.701622281320034,-61.855830383300784,-50.22927017211915,0.024261459604994064,0.007591173527504427,5.2491634154141344,42710.70466901183
2024-10-20,4120,-55.10614755824932,-61.68753433227539,-44.58222007751465,0.021755591571273675,0.008081554738122691,5.24921779935275,42711.157281553395
2024-10-21,5483,-56.86282031483488,-62.07982788085937,-49.74786758422851,0.0245487072711302,0.007695808486104193,5.249553893853729,42713.49972642714
2024-10-22,5495,-56.70309746614687,-62.1664321899414,-48.989202117919895,0.02421714527830002,0.007689687478428397,5.247390354868062,42696.63111919927
2024-10-23,7317,-57.039270087931996,-62.05259780883789,-50.535425567626945,0.02510331014584087,0.0072252099576225965,5.251533597558197,42729.40317069837
2024-10-24,6486,-57.33636986470465,-62.38713073730469,-50.73156547546387,0.02493134637282512,0.007444324058405269,5.251082742316784,42725.94896700586
2024-10-25,6933,-57.44688654406735,-62.421881103515624,-50.915008544921875,0.025214671685466226,0.0070811279853270695,5.247983172267897,42701.40357709505
2024-10-26,6293,-57.72194028169689,-62.58207702636719,-51.280783081054686,0.025591128470747074,0.00755593546687726,5.251636209544996,42730.54679802956
2024-10-27,5624,-58.550339102236336,-63.07737655639649,-52.8713363647461,0.026192660660362046,0.008151471700517875,5.249660028449502,42714.72386201991
2024-10-28,5956,-57.75825836387875,-62.52414321899414,-51.413103103637695,0.026999486002721212,0.007570056304647231,5.248291582717707,42703.83159838818
2024-10-29,6092,-56.91678078270084,-61.94994888305664,-50.34228668212891,0.02670086159152768,0.007362281837678759,5.250040709126724,42717.28250164149
2024-10-30,5083,-56.996847009368004,-61.99391555786133,-50.762263488769534,0.026667943621420984,0.007483133592429583,5.2490407239819,42709.73106433209
2024-10-31,5201,-56.62261007125963,-62.23043441772461,-48.9759635925293,0.024259514063721115,0.007735872098421684,5.2511728513747356,42726.65275908479
2024-11-01,3903,-56.96945456569084,-62.134193420410156,-49.993892669677734,0.024406109404804765,0.007871997006806058,5.256280809633615,42767.63361516782
2024-11-02,3348,-58.343561067660936,-62.99240379333496,-52.43038368225098,0.02540873400336172,0.008148214809135513,5.25294902429311,42740.982974910396
2024-11-03,4828,-59.17587061015258,-63.836533355712895,-53.403719711303715,0.02773100310252816,0.010302916653311234,5.245645125655896,42682.2966031483
2024-11-04,5420,-57.733374203966996,-62.69509086608887,-51.66891860961914,0.026946420656809036,0.007974317298556006,5.251539360393603,42729.27232472325
2024-11-05,5353,-58.059772243460564,-63.566497802734375,-51.00010833740234,0.024580059856801794,0.0076044854779457665,5.248674761815804,42706.65738838035
2024-11-06,4891,-58.612465197263475,-66.00787353515625,-50.71542739868164,0.02547664284008585,0.008443053895913396,5.248840455257956,42708.18973625026
2024-11-07,3819,-60.92660935195399,-73.84416351318359,-52.08222961425781,0.02875073318655322,0.011334922642440657,5.249821768351226,42715.72401152134
2024-11-08,1355,-61.35028079831732,-73.40487670898438,-53.22830657958984,0.029748186472903462,0.011107038212838018,5.252690774907749,42738.7852398524
2024-11-09,1386,-62.09667629941029,-75.64375686645508,-54.048728942871094,0.03137520292091595,0.0146031185054315,5.249962962962963,42716.881673881675
2024-11-10,1449,-62.12982800354046,-74.7851333618164,-53.840386962890626,0.03292432853857133,0.014568947202778262,5.247756613756613,42699.013802622496
2024-11-11,1284,-62.063937418928774,-74.87324981689453,-52.76016464233399,0.03269516581645179,0.01329925030713959,5.250209761163032,42718.6168224299
2024-11-12,1413,-61.13474685118204,-70.07768249511719,-53.2264633178711,0.025382701465921403,0.006960262610827342,5.2472880396319885,42695.828025477706
2024-11-13,1460,-61.75414251301387,-76.37091674804688,-53.21646995544433,0.031496165727685294,0.01418506902892431,5.249692237442922,42714.83630136986
2024-11-14,1048,-57.74586413834841,-62.43880729675293,-51.55482788085937,0.026187692967466942,0.008441595129740747,5.250554707379134,42722.06297709924
2024-11-15,1511,-61.028727086469246,-74.43000030517578,-51.82160186767578,0.02878307665145674,0.012304349634570597,5.245968674167218,42685.14824619457
2024-11-16,1265,-60.73222173155532,-70.59390869140626,-53.01465148925781,0.026282026606713558,0.008942256160965955,5.253066666666666,42741.79604743083
2024-11-17,997,-60.20235357026279,-73.3172393798828,-51.454399108886726,0.02736567177415255,0.013558227441147777,5.259456369107322,42792.76930792377
2024-11-18,1323,-60.85093504429224,-73.25449676513672,-52.427364349365234,0.028394064777795446,0.01134873623553806,5.250594608213655,42722.102796674226
2024-11-19,1306,-59.90428795164613,-73.2382698059082,-50.48110580444336,0.027908950186797028,0.013720309586546511,5.251138335885656,42726.36753445635
2024-11-20,1308,-57.1147430796142,-64.59089050292968,-44.57875328063965,0.026118056269423377,0.011106409019602628,5.256133027522936,42766.08868501529
2024-11-21,912,-56.953532093449645,-61.33801918029785,-51.25828742980957,0.03580065259541146,0.008928683552440156,5.248640350877192,42706.84429824561
2024-11-22,825,-56.85145150386926,-61.26634521484375,-51.17905883789062,0.034264504050098565,0.0089124403893709,5.247475555555555,42697.00363636364
2024-11-23,263,-57.0698725769275,-61.6311294555664,-51.160133361816406,0.031530877428395526,0.00883305539405556,5.231231939163497,42567.768060836504
2024-11-24,1,-79.95507049560547,-79.95507049560547,-79.95507049560547,0.3759930957251693,,5.14031746031746,41866.0
2024-11-26,338,-56.74727618200539,-60.75541687011719,-52.31924324035644,0.03793016077433758,0.007820601161700528,5.226172522189349,42526.934911242606
2024-11-27,1592,-60.5701538150634,-72.92518997192383,-52.510732650756836,0.034756547762591634,0.010561839686185084,5.2486905360134,42706.8574120603
2024-11-28,553,-56.27164325403693,-60.0029182434082,-52.1549705505371,0.05465061941790492,0.013974623075791854,5.250321880650994,42720.00542495479
2024-11-29,1393,-60.76385497362256,-74.75991973876953,-52.07248001098633,0.03855538169059669,0.013037405931589918,5.25227757836803,42735.46374730797
2024-11-30,1844,-62.322444913702775,-74.68086471557618,-53.79821586608887,0.035412349617022394,0.012782032505538592,5.239276934201012,42631.8237527115
2024-12-01,1474,-63.8005802408164,-76.81763610839843,-54.40285873413086,0.038711457973638654,0.015714028394680647,5.250293532338309,42719.49253731343
2024-12-02,1594,-62.53603194558635,-75.96137466430665,-53.464332962036124,0.03593110343838679,0.012370063026398025,5.245279381012128,42679.62045169385
2024-12-03,1511,-60.03343232746238,-71.25092315673828,-51.387542724609375,0.032869131271756016,0.012153156111509942,5.250880211780278,42724.520847121115
2024-12-04,1226,-59.266014166018316,-71.68867874145508,-52.09157943725586,0.03443003680749708,0.011304114840254398,5.246688961392061,42690.817292006526
2024-12-05,580,-60.20385367294838,-65.06154098510743,-53.929654312133785,0.03189416643464046,0.009051656481729689,5.244079310344827,42669.74137931035
2024-12-06,5967,-59.25171950404041,-63.94410018920898,-52.65661163330078,0.031870778748917764,0.008873150738660055,5.247774872912127,42699.53728841964
2024-12-07,4603,-59.816438716363834,-63.82847518920898,-54.073249053955074,0.036358776838758676,0.011819176172126153,5.252777608805851,42739.48663914838
2024-12-08,3943,-59.00728894126557,-63.00838470458984,-53.65171356201172,0.035741173461885864,0.008932168155944815,5.249070927381858,42709.551103220896
2024-12-09,4666,-56.724993886428486,-60.87574577331543,-51.624202728271484,0.041421058796678144,0.01275132483366365,5.251982140305758,42732.90162880412
2024-12-10,4674,-56.26103117897514,-60.33040542602539,-51.43179435729981,0.03906823632571525,0.008416881522305932,5.246998431036942,42693.410141206674
2024-12-11,3828,-55.665991611241544,-59.8135986328125,-50.74603271484375,0.05557528980019872,0.01640650944802734,5.2493314176245205,42711.83986415883
2024-12-12,5576,-56.34753180405331,-60.625349044799805,-50.70431137084961,0.03194542888063739,0.007692646355257195,5.250475968436155,42720.78353658537
2024-12-13,6543,-57.60647319337197,-63.71023330688477,-50.86295318603516,0.03349657896175793,0.009561193895109232,5.247587854704774,42698.20388201131
2024-12-14,5472,-57.95163176701083,-62.4379695892334,-51.79708290100098,0.034892713845846926,0.011580776041932523,5.248856115984405,42708.24853801169
2024-12-15,2138,-57.284701836231825,-60.868629455566406,-52.44628868103027,0.03447601739090766,0.008468221744845968,5.25312254443405,42742.18334892423
2024-12-16,2583,-59.15172971813336,-64.24732666015625,-52.91637420654297,0.03102692914672758,0.009683882167205834,5.25165182604207,42730.63801780875
2024-12-17,4133,-55.76763758323627,-60.35901870727539,-50.16296310424804,0.036198652140348835,0.008696078049712418,5.248173723687393,42702.767965158484
2024-12-18,5416,-57.15603410722234,-62.48299407958984,-50.31761360168457,0.03411972728652312,0.009884439498507732,5.2494385770556375,42712.738737075335
2024-12-19,6556,-57.426717544343866,-63.25325584411621,-50.80315017700195,0.03419237990669512,0.008979307704629583,5.248708053691275,42707.24588163514
2024-12-20,5589,-56.571518054906875,-60.836446380615236,-51.17274398803711,0.033930535365726655,0.007558570315666013,5.243786008230452,42667.71121846484
2024-12-21,4793,-58.50153131085051,-62.85605316162109,-52.94419555664062,0.031148398627335455,0.008380186511839943,5.254390708672369,42752.256206968494
2024-12-22,3866,-59.117974091365554,-63.01637840270996,-53.4584846496582,0.03404646219742895,0.01067129909524151,5.248822900500087,42707.710553543715
2024-12-23,5760,-57.936360063817766,-62.3435287475586,-51.559969711303715,0.03384509747385067,0.010315809460812777,5.250687037037037,42722.582291666666
2024-12-24,4558,-58.33490881013891,-62.852837371826176,-52.33153533935547,0.03268143012532256,0.009455106134948418,5.248168056164984,42702.79398859149
2024-12-25,3115,-60.74662142488776,-71.44323272705078,-54.6720703125,0.03833256215234211,0.01740883955200545,5.250271161048689,42719.4658105939
2024-12-26,4422,-57.91770576190647,-62.08579216003418,-52.101800537109376,0.03294782989837032,0.009883085714464328,5.247203980099502,42695.0368611488
2024-12-27,4853,-58.07325962993403,-62.75747451782227,-51.767935180664054,0.032312487955702546,0.009120355587353529,5.25018009478673,42718.64949515763
2024-12-28,3406,-56.136801187668695,-59.752017974853516,-51.429344177246094,0.04553713959841568,0.010398385596508344,5.245850264239577,42684.35848502642
2024-12-29,3227,-56.931214733023296,-60.33933715820312,-52.269701385498045,0.044176121668926295,0.009627374199474516,5.249050924491271,42709.749612643325
2024-12-30,3114,-56.242072168495994,-60.46564903259277,-50.65606689453125,0.0367254073638519,0.00920861377263768,5.24843652322843,42704.71579961464
2024-12-31,4607,-57.70970641927551,-61.870307922363274,-51.76308975219727,0.03402566897001302,0.00915498564983594,5.250706461182259,42723.152593878876
2025-01-01,2690,-58.48320714532221,-61.62448692321777,-53.57824058532715,0.041015457590488344,0.010918351276695454,5.250988351920694,42725.37397769517
2025-01-02,4676,-56.588697217691646,-60.68118095397949,-51.20267295837402,0.032727697987018974,0.007681003327621079,5.250561591103508,42721.67301112061
2025-01-03,5407,-56.89824878148678,-61.37185287475587,-50.96284790039063,0.03135360815352728,0.007329347918013788,5.250752111460453,42723.27482892547
2025-01-04,4622,-57.891814616065886,-61.90536613464356,-52.47828330993652,0.032247242974399445,0.008053396404581074,5.250087552286168,42718.074643011685
2025-01-05,3670,-57.71824020572839,-61.4895034790039,-52.893363571166994,0.033068977166638515,0.00835795826547761,5.256333514986376,42768.00217983651
2025-01-06,4576,-57.159814820422994,-61.94834327697754,-51.15258598327637,0.031204157741183278,0.008626309096018305,5.24868108974359,42707.18924825175
2025-01-07,4788,-56.18729074019238,-60.02162628173828,-51.32114028930664,0.02724543070413104,0.006113311883217951,5.248534670008354,42705.46470342523
2025-01-08,5358,-57.1214639746284,-61.324195098876956,-51.835625076293944,0.02929313569810841,0.006431087285969696,5.250387458006719,42720.26483762598
2025-01-09,5202,-55.77765473289153,-59.60408668518066,-51.25325393676757,0.026460009415327244,0.005519096858661239,5.248380110214019,42704.223183391005
2025-01-10,5881,-57.42975915351949,-61.878414154052734,-51.20720672607422,0.030294731529694665,0.007350301044397612,5.243063991384685,42662.15609590206
2025-01-11,3985,-58.33377884179167,-62.36615753173828,-53.32157440185547,0.034224405999145995,0.008732186567390506,5.253130740276035,42742.243412797994
2025-01-12,4174,-58.80585500573678,-62.63231086730957,-52.84240379333496,0.032364322438673356,0.00909201774047157,5.250527870947132,42721.6109247724
2025-01-13,5041,-57.01940473084695,-61.399658203125,-51.55990219116211,0.03148176224937937,0.007941814242948753,5.253894729881637,42748.556635588175
2025-01-14,5360,-57.657809449665585,-62.27530212402344,-51.1852466583252,0.02996005269229963,0.007584781721089954,5.24874303482587,42707.38339552239
2025-01-15,5600,-57.38341699191502,-61.485100173950194,-51.86873245239258,0.02960014240352016,0.007322491182616813,5.252701666666666,42739.04446428571
2025-01-16,5321,-56.89262541190414,-61.32867431640625,-51.0761947631836,0.030970951759722375,0.007957740649918874,5.250696986781933,42723.06408569818
2025-01-17,5499,-56.58784205576662,-61.12622146606445,-50.87809219360352,0.03142949077708958,0.008443994221740749,5.249278414257137,42711.67084924532
2025-01-18,4866,-57.133194175121275,-61.10614204406738,-51.58674240112305,0.03652461389018786,0.009455048249131418,5.255356624195095,42760.1304973284
2025-01-19,4000,-57.54613377475739,-61.410404205322266,-52.457147979736334,0.03539722218007373,0.009361078048397729,5.254051,42749.90325
2025-01-20,2958,-59.42677590136112,-63.869988632202144,-53.58615493774414,0.033803608561999945,0.011095296578150768,5.2495361730899255,42713.47937795808
2025-01-21,4826,-58.59163226875783,-62.906158447265625,-52.72598075866699,0.03441369491287156,0.009442947614709585,5.248518027351844,42705.193327807705
2025-01-22,4915,-58.020679702836404,-62.55195617675781,-52.09740371704101,0.03512105005544325,0.010407939413307619,5.253580603594439,42745.62400813835
2025-01-23,5104,-58.09176407936599,-62.45884132385254,-52.293604660034184,0.03451578774826693,0.009239775741448079,5.251336206896552,42727.69827586207
2025-01-24,5564,-57.953460896297976,-62.46763114929199,-51.83881378173828,0.03384723569039852,0.00993791874013065,5.250523005032351,42721.267792954706
2025-01-25,4686,-58.14626682410116,-62.436594009399414,-52.37879180908203,0.033459345585017876,0.01049150697209657,5.247743348982786,42699.36384976526
2025-01-26,2284,-58.484268350484285,-62.348008728027345,-53.76075820922851,0.033080756883006636,0.008995437647274613,5.2484576765907756,42705.26795096322
2025-01-27,4950,-57.63124742296007,-62.05427589416504,-51.737341690063474,0.03152569086017029,0.008548517209578246,5.248872592592592,42708.44565656566
2025-01-28,4997,-57.383557005693895,-61.7458999633789,-51.76194458007812,0.030867782282510626,0.007636004680052851,5.253711827096257,42747.15669401641
2025-01-29,5295,-56.769638786640115,-61.08592224121094,-51.482040405273445,0.029232140256638197,0.007264421868918162,5.250645892351274,42722.8313503305
2025-01-30,5398,-57.061167029020034,-61.13480644226074,-51.98961563110351,0.029690020532140985,0.006851953769340085,5.248445473632209,42705.1131900704
2025-01-31,4556,-56.4893949448382,-60.56979751586914,-51.4863338470459,0.03874590293021442,0.009550258687670744,5.249065115598478,42710.17778753292
2025-02-01,4726,-56.36460669828682,-60.30353355407715,-51.49854278564453,0.032828504147504815,0.0070671564935422,5.253649033714205,42746.54803216251
2025-02-02,3608,-56.46705951394633,-60.00987319946289,-52.321374130249026,0.033438092554612484,0.007427869698971706,5.251479674796748,42728.84756097561
2025-02-03,3673,-57.97542345403749,-62.59388122558594,-52.1907844543457,0.030369895878462172,0.00873450341177911,5.250387149469098,42720.18050639804
2025-02-04,5301,-56.07723555774469,-60.36817169189453,-50.55077362060547,0.032518693732504676,0.007368453703599315,5.247311953719424,42695.60573476703
2025-02-05,5390,-56.09342215083304,-60.4148063659668,-50.3495361328125,0.03076948957850985,0.007491651724548669,5.248099319727891,42701.865677179965
2025-02-06,1337,-59.252421145842156,-64.86723480224609,-50.82423400878906,0.02333109708130711,0.00909886127666094,5.250364996260283,42719.99551234106
2025-02-07,4447,-57.067419110455354,-61.525962829589844,-51.32936325073242,0.02852930299317248,0.007814013502216869,5.24691012667716,42692.36069260175
2025-02-08,4537,-57.448725416819535,-61.52947235107422,-52.34768524169922,0.03217454767881329,0.007799676510351233,5.251455440452575,42728.59907427816
2025-02-09,1251,-61.89802499431119,-66.3626708984375,-55.97583770751953,0.028389440472238067,0.00890072012667376,5.251991473487877,42732.9520383693
2025-02-10,4293,-60.15040205576302,-64.65155639648438,-54.11529006958008,0.030197223424793165,0.008995170008135388,5.251493438931594,42728.85371535057
2025-02-11,5055,-59.05644414507435,-63.61856002807618,-52.81304550170898,0.03165937050944547,0.009088942932865803,5.248319419716452,42703.78753709199
2025-02-12,2812,-58.95930841535457,-63.169439697265624,-53.818681716918945,0.03232845138032009,0.00806673862266466,5.252359174964438,42735.64153627311
2025-02-13,3313,-59.02281139107798,-63.06291427612305,-53.877522277832036,0.03711108150038778,0.008644293110435823,5.250354562833283,42719.695140356176
2025-02-14,5799,-58.39078866130094,-62.70341796875,-52.91807327270508,0.035113631718267015,0.008473480587143945,5.255163533942634,42758.0655285394
2025-02-15,4376,-58.63107717712793,-62.98421669006348,-53.22768783569336,0.03499497633686356,0.009005236795527154,5.252756398537477,42739.03999085923
2025-02-16,957,-61.99510096008875,-66.81683807373047,-54.99214324951172,0.02405254667702874,0.008088667371855011,5.252988505747126,42740.83176593522
2025-02-17,2287,-59.878266088087905,-64.1004867553711,-54.654710388183595,0.01753102135343684,0.00433935037943569,5.245924209298936,42684.61652820289
2025-02-18,2794,-60.26824226870909,-65.05595626831055,-53.973434066772455,0.020170811522652866,0.005539398093927037,5.252028871391076,42733.17573371511
2025-02-19,2840,-60.16269598007202,-64.73252868652344,-54.312275695800786,0.022926486758586186,0.006295533673078544,5.248680985915493,42706.51408450704
2025-02-20,2758,-59.88961487010046,-64.50851440429688,-53.88237991333007,0.025111268388810816,0.006836444490817328,5.248542180323906,42705.41406816534
2025-02-21,3259,-59.128735012348244,-63.101487731933595,-54.36431884765625,0.025064756748867614,0.005794051396211206,5.248126214585251,42702.551396133786
2025-02-22,4729,-60.0550002721027,-63.973524475097655,-55.05211029052735,0.03292921694697339,0.008828206836032049,5.251279199266935,42727.51173609643
2025-02-23,4258,-59.7016300525728,-63.61633605957031,-54.99448394775391,0.035603668508322577,0.008418624281686627,5.246452325035228,42689.22076092062
2025-02-24,5162,-57.65477317306063,-62.16827583312988,-51.92635650634765,0.03469711124370054,0.009724330606436394,5.248663567092858,42706.755327392486
2025-02-25,5385,-57.205850602613076,-61.48786087036133,-51.69658966064453,0.038594380586711295,0.009210910489305502,5.253254100897554,42743.46053853296
2025-02-26,5623,-57.019402548572714,-61.3586181640625,-51.61852188110352,0.036323675806118796,0.008300577149672516,5.247864010907581,42700.41241330251
2025-02-27,5174,-56.30505188800766,-60.25391082763672,-51.37385215759277,0.042656411037590984,0.00879581700753623,5.247802216209251,42699.388287591806
2025-02-28,5772,-54.96111538669589,-60.68173484802246,-47.09751968383789,0.028111699947546042,0.010049870424520477,5.25262832062832,42738.60949410949
2025-03-01,4606,-56.99136787013701,-60.93537521362305,-52.06976127624512,0.03104888520360748,0.007162938032322022,5.246756404689535,42691.520842379505
2025-03-02,3864,-58.12901551185434,-61.76219100952149,-53.65088195800781,0.030578162451517885,0.006401083726420068,5.250230158730159,42718.80564182195
2025-03-03,3079,-56.399506306563076,-61.33191909790039,-50.3268798828125,0.0283536029687505,0.0077939274460421,5.255508714950741,42760.979538811305
2025-03-04,5577,-56.03457677340837,-60.55140686035156,-50.138293457031246,0.029984182394990927,0.007505025441546392,5.250381328073635,42720.316478393404
2025-03-05,4524,-55.59319298842858,-59.85389595031738,-50.26092529296875,0.03479689114558715,0.009794452415914102,5.249060271146478,42709.69142351901
2025-03-06,5597,-56.25405641153324,-60.45998687744141,-50.981493377685545,0.036348275153351324,0.007892811758376634,5.249249002441784,42711.03305342147
2025-03-07,5721,-56.206990862284435,-60.248329162597656,-51.32503890991211,0.028209378229889788,0.006278851544926592,5.249687350696265,42714.47386820486
2025-03-08,4600,-57.199205792468526,-60.982072830200195,-52.74212989807129,0.028012996432514713,0.006206199604719817,5.251766666666667,42731.05195652174
2025-03-09,4124,-57.94211888290168,-61.847859191894536,-53.413970947265625,0.030539333698144176,0.00737171852813382,5.251610895570644,42729.818137730355
2025-03-10,4376,-57.048479113325996,-61.62071228027344,-51.1043815612793,0.029397188028431144,0.007422513389553854,5.250983394271786,42724.96046617916
2025-03-11,3147,-56.347132197023384,-61.0831428527832,-50.35248870849609,0.028429685844341895,0.007492311821544095,5.245335028069061,42679.81951064506
2025-03-12,3053,-57.066118135399165,-61.62715530395508,-51.53976211547851,0.028991240123155054,0.0068769592413861404,5.254245660006551,42751.00655093351
2025-03-13,3237,-56.379598126133025,-60.77838973999023,-50.94164505004883,0.028523118174003735,0.007014419766948104,5.252791679538667,42739.88198949645
2025-03-14,3392,-56.54672422892642,-61.24192352294922,-50.80648422241211,0.029191933232127276,0.007148128554940317,5.2497997248427675,42715.4445754717
2025-03-15,2641,-57.279404552449606,-61.39824295043945,-52.39259719848633,0.03223225186681672,0.007625896133318028,5.246293323236148,42687.552820901175
2025-03-16,2136,-56.587307665678445,-60.48842430114746,-52.15185737609863,0.038306166002564666,0.00897431795984969,5.248644506866417,42706.215355805245
2025-03-17,2773,-56.37153405933401,-60.49961929321289,-51.58965301513672,0.04013678160262081,0.011150923310635219,5.2518408462555595,42731.78831590335
2025-03-18,3017,-56.72881815691914,-61.19825744628906,-51.229611206054685,0.030861641988990673,0.007534699355458181,5.246835929731521,42691.867417964866
2025-03-19,3366,-56.04685540859429,-60.835304260253906,-49.845712661743164,0.02860120565758046,0.00763278761984787,5.247056644880175,42693.86809269162
2025-03-20,3203,-56.31979556624085,-60.69275665283203,-51.127053833007814,0.03381670228553459,0.0078925868995803,5.25146799875117,42729.35404308461
2025-03-21,3468,-55.72765325152475,-59.971595001220706,-50.656152725219734,0.027357512008155546,0.00615404228115275,5.249677047289503,42714.491637831605
2025-03-22,2972,-56.75405647873397,-61.28485336303711,-51.11215972900391,0.028733470684663382,0.00735539020888165,5.249040601166442,42709.75
2025-03-23,2257,-57.486116540289366,-61.92387084960938,-52.128439331054686,0.028056858173969742,0.006930914293593402,5.251683650863979,42730.815684536996
2025-03-24,2833,-55.6160825068901,-59.48133087158203,-51.0646255493164,0.047088608843017375,0.01525666718938219,5.257125073538063,42774.16448993999
2025-03-25,3292,-56.210710695273676,-60.836346817016604,-50.61438903808593,0.030858369824943874,0.0078035182566766345,5.248341028756582,42704.25698663427
2025-03-26,3433,-56.58796678282518,-61.26365814208985,-51.1026985168457,0.030496758911490153,0.007616757797099843,5.2488595009224195,42708.2324497524
2025-03-27,3566,-56.35794159754969,-61.27241325378418,-50.39603614807129,0.028268306370797212,0.0070423830136143555,5.249809123200598,42715.901850813236
2025-03-28,3568,-56.57509856320283,-61.164081192016596,-50.95108413696289,0.028741124515354547,0.006976899444841764,5.250553624813153,42721.40134529148
2025-03-29,3069,-56.48722978071733,-60.83396987915039,-51.560464477539064,0.03037584377813768,0.007895717473227119,5.247407407407407,42696.63310524601
2025-03-30,2238,-56.85231904412509,-60.688925933837886,-52.742404556274415,0.037256196596229106,0.007512907598412108,5.251200774501043,42726.350312779265
2025-03-31,3089,-56.19454252700584,-60.35538864135742,-51.297489166259766,0.03858112253415137,0.008284711851749341,5.253674544081147,42746.98575590806
2025-04-01,3364,-56.169163703351465,-60.669777679443364,-50.895674514770505,0.030160807885374955,0.0068097947047576395,5.250276456599287,42719.25475624257
2025-04-02,5887,-56.457429443613385,-60.91758422851562,-51.12637939453125,0.03004383608688261,0.007217166988356432,5.250154691127343,42718.67997282147
2025-04-03,5983,-56.32002482477208,-60.510589599609375,-51.138214111328125,0.03849439986441661,0.008895841507117381,5.250796590339295,42723.784054822
2025-04-04,5144,-56.45328010037009,-61.45904655456543,-50.17363739013672,0.03041612200433537,0.008263023077950111,5.249454898911353,42713.08650855366
2025-04-05,2633,-55.668919741133976,-59.55031814575196,-51.574639892578126,0.038178089205516956,0.012453130571446296,5.249357640207621,42711.8868211166
2025-04-06,2309,-56.9996613229493,-60.799356079101564,-52.96835174560547,0.03797452868282458,0.0080633969568255,5.250434820268514,42720.626678215674
2025-04-07,2983,-55.776432895436606,-59.633157348632814,-51.60066375732422,0.042595256013649094,0.008124361141495349,5.251962230416806,42732.72343278579
2025-04-08,3146,-55.944410350772884,-60.202781677246094,-50.58496856689453,0.03290753602507255,0.008128013120164262,5.248932400932401,42708.60584869676
2025-04-09,3475,-56.281749719853025,-61.42041015625,-50.4149642944336,0.026943284706879837,0.00842570641140117,5.246722494004796,42691.08748201439
2025-04-10,4008,-55.089008906168374,-60.50824127197266,-48.48296546936035,0.025298884979864968,0.009048691295649306,5.249792082501663,42715.6377245509
2025-04-11,3717,-56.08315884916251,-60.231204986572266,-51.34197540283203,0.035305640812432905,0.007711922650921488,5.253079544435477,42741.98278181329
2025-04-12,2459,-57.55319385908638,-61.33224792480469,-53.383026885986325,0.036870511686558756,0.008907656555899103,5.252536532465772,42737.785685237905
2025-04-13,2332,-57.04068651330205,-61.128512954711915,-52.19030151367187,0.03419930090065815,0.007658584750038691,5.246603773584906,42690.06089193825
2025-04-14,3231,-56.129223166807854,-61.15287399291992,-49.713863372802734,0.028728090026982917,0.00798333660709176,5.25127040132054,42727.692355307954
2025-04-15,3470,-54.61480234899164,-61.11098632812501,-46.542082977294925,0.024895896903281717,0.00838842860417746,5.248644188280499,42706.798847262246
2025-04-16,3385,-56.842154968013794,-61.44162521362305,-51.3059310913086,0.02828197137594587,0.006916490755741718,5.250889807976366,42724.08212703102
2025-04-17,3525,-56.77132191543038,-61.694976806640625,-50.63052673339844,0.02544573035220562,0.00664598477575617,5.250485673758865,42721.36085106383
2025-04-18,3556,-56.09094603552459,-60.97182273864746,-50.02371788024902,0.026030754263559306,0.007022464394139536,5.248682789651293,42706.71653543307
2025-04-19,3774,-55.82063063958617,-61.293249893188474,-47.7353717803955,0.025047780193881826,0.0079749167167834,5.243504327857269,42665.52437731849
2025-04-20,2696,-57.69113521123145,-61.94667053222656,-52.705671310424805,0.025323955202296734,0.006055896915221046,5.251314045499505,42727.68991097923
2025-04-21,3142,-56.43144876770272,-61.16777420043945,-50.99767227172851,0.028543516271002538,0.007101656905424896,5.246166772756205,42686.893380012734
2025-04-22,3544,-56.13115333918793,-61.28905334472656,-49.655186462402334,0.02800880437359321,0.008101930997220909,5.249131301730624,42710.227990970656
2025-04-23,3743,-56.64595603331378,-61.80524291992188,-50.21537399291992,0.024990446365744275,0.006622593845338328,5.2493951375901675,42712.70077477959
2025-04-24,3842,-56.25943787627888,-61.30173034667969,-50.410729217529294,0.02688506871848612,0.007667552385150389,5.258255769564462,42783.44039562728
2025-04-25,3919,-56.27565915866238,-61.345488739013675,-50.37178192138671,0.026398475162177935,0.006679213225970385,5.2448920643021175,42676.57285021689
2025-04-26,2673,-56.61152746398218,-60.53910827636719,-52.086306762695315,0.04601972464622804,0.0115543847534128,5.254032921810699,42748.94837261504
2025-04-27,2748,-56.88700172960151,-61.091529083251956,-51.76012840270996,0.028073021845149416,0.006674952604101025,5.247264192139738,42695.17394468704
2025-04-28,3541,-56.35387661160133,-61.47932434082031,-50.07499313354492,0.026185003795185957,0.007191744332316559,5.247386237409394,42696.10223100819
2025-04-29,5423,-56.3859879038067,-61.42758407592774,-49.85337524414062,0.025485485894991625,0.006989611747351139,5.252490872210953,42736.80877742947
2025-04-30,7104,-57.10926058405155,-62.29507560729981,-50.14421844482422,0.02533164511917282,0.006765315331437142,5.252337931681682,42735.89738175676
2025-05-01,7174,-56.88638819005119,-61.741963958740236,-51.098283004760745,0.026306470404073364,0.006905755610527698,5.252788774277484,42739.684415946474
2025-05-02,7432,-56.980555231014286,-61.918155670166016,-51.072642135620114,0.029708119240087046,0.009214824128974985,5.24418980983136,42671.042653390745
2025-05-03,4878,-56.62971828706248,-61.412737655639646,-50.75541687011719,0.03148267782530307,0.013631751582926599,5.2482026786934535,42702.920254202545
2025-05-04,5047,-57.647897916853914,-61.49342041015625,-52.82756423950195,0.03488101869191806,0.009883736974644184,5.247882702595601,42700.40499306519
2025-05-05,5964,-55.948493066847846,-59.952368545532224,-51.11015434265137,0.05049771868027935,0.014443686792005458,5.25177207690588,42731.93896713615
2025-05-06,6533,-55.94051260797094,-59.952832031250004,-50.974552917480466,0.04265742538177187,0.01111636372806592,5.25177345782948,42731.91810806674
2025-05-07,3576,-56.49019803403475,-61.036027908325195,-51.00080490112305,0.031177076533165024,0.007710896069249477,5.251872483221477,42732.351510067114
2025-05-08,1267,-56.58407001450199,-61.08997039794922,-51.34406204223632,0.033251111702550365,0.012666417169996728,5.240647724283083,42642.52328334649
2025-05-09,1317,-55.48113699980369,-59.49770050048828,-50.91004638671875,0.05190657941695399,0.01463230497033104,5.25146292077955,42728.788914198936
2025-05-10,1298,-56.166958087398015,-60.60120468139648,-51.039710235595706,0.031735222500282184,0.007815619539496886,5.252056497175142,42733.509244992296
2025-05-11,1274,-56.70790071352685,-61.67285766601563,-49.4279613494873,0.026427311962765213,0.007763412001501752,5.249716902145473,42715.13736263736
2025-05-12,1140,-56.595359273542435,-61.325914001464845,-50.14234695434568,0.025990348845660958,0.006955725980379687,5.247604678362572,42697.77456140351
2025-05-13,1280,-56.5768969386816,-61.124501419067386,-51.36983642578125,0.028556722368066435,0.006497669163029243,5.26081875,42803.0546875
2025-05-14,1302,-56.610421750585786,-60.948870468139646,-50.87876815795897,0.029685040802169226,0.006482577985877844,5.252114183307731,42734.36098310292
2025-05-15,1329,-56.400886626060604,-60.89650650024414,-50.77399978637695,0.032776685908783444,0.007843854369750164,5.251130173062452,42726.60797592175
2025-05-16,1379,-56.6319209064929,-61.357130432128905,-51.318486022949216,0.029453176058840052,0.007233499506336406,5.254351945854483,42751.8636693256
2025-05-17,1289,-56.92709946022004,-61.47922058105469,-51.66245040893555,0.030044856179889477,0.007488012230249667,5.251173002327385,42726.35221101629
2025-05-18,1330,-56.64544695230355,-61.652679443359375,-50.01251449584961,0.028796506308805876,0.008124107052466039,5.24819649122807,42702.63458646616
2025-05-19,1172,-57.1681754011343,-62.0383861541748,-50.96397666931152,0.02775844685095027,0.007108544441790942,5.246080204778157,42686.01706484642
2025-05-20,1289,-56.85473438674299,-61.71614227294923,-50.68853302001952,0.026853138392628796,0.007154633089221046,5.258238944918541,42783.10550814585
2025-05-21,1342,-56.70763060375049,-61.36032600402832,-50.8739688873291,0.03149051757241587,0.007512897078302841,5.246387978142076,42688.400149031295
2025-05-22,1119,-56.0546341556007,-60.159443664550786,-51.579698944091795,0.04398276124932832,0.009794172842035823,5.249165921954126,42710.37980339589
2025-05-23,1359,-56.277025384180156,-60.58424377441406,-50.85114440917969,0.03727073439710041,0.008837515584568554,5.242939416237429,42661.098601913174
2025-05-24,1247,-56.96327835670355,-61.38465270996094,-51.71700439453125,0.03446624267324785,0.008604958287389003,5.252336808340016,42736.04330392943
2025-05-25,346,-57.007489061079966,-61.54317855834961,-52.357500076293945,0.034147600750875466,0.00870471041441012,5.257915221579961,42780.30057803468
2025-05-26,40,-58.782708740234376,-62.640001678466795,-55.522149658203126,0.033405630638576336,0.006240581212755713,5.270833333333333,42883.475
2025-05-27,1399,-56.50136411283764,-61.49787445068359,-50.453695678710936,0.02852496057350832,0.0075118336654448874,5.261821300929235,42811.19156540386
2025-05-28,1383,-56.64925086903382,-61.56916122436523,-50.76305313110352,0.028108335712254476,0.007550781726756605,5.254399614364907,42752.255242227046
2025-05-29,1463,-56.21088434455334,-60.62583618164062,-50.88396530151367,0.03437263659293864,0.008365129411431494,5.2482656641604,42703.63978127136
2025-05-30,5074,-56.886438780240674,-61.35052490234375,-51.29304656982423,0.03234328952953477,0.007314284331372213,5.247846932072001,42699.78675601104
2025-05-31,5153,-57.07873956971601,-60.94554748535157,-52.5884765625,0.04271419204856627,0.011680535578473782,5.247454686590335,42697.11216766932
2025-06-01,6020,-57.2200571377016,-61.44337768554688,-52.44159049987793,0.031298034591866454,0.007515900763815607,5.251136877076411,42726.30830564784
2025-06-02,6565,-56.88181825305157,-61.61503448486328,-50.82502136230469,0.028919001859665342,0.007635043748424937,5.25042762122366,42720.53846153846
2025-06-03,4935,-56.295820671011974,-61.519126892089844,-49.788964080810544,0.02761462446542546,0.00772700865745308,5.249617561634582,42713.99959473151
2025-06-04,3948,-56.0606134123836,-61.40133094787598,-49.621830368041984,0.02701633661275263,0.007494634899142059,5.250839412360689,42723.92350557244
2025-06-05,4170,-56.487577214229596,-61.62092247009277,-50.16093902587891,0.027280909082495034,0.007196368789648151,5.249780335731415,42715.617026378895
2025-06-06,4285,-56.35141668019244,-61.40525436401367,-49.837686157226564,0.02803340700656739,0.007142965035636053,5.250670089459354,42722.66137689615
2025-06-07,3208,-57.15189359312937,-61.34504585266113,-52.38000717163086,0.040879805282948274,0.013149757735668302,5.248961346633416,42709.372194513715
2025-06-08,3798,-55.22455175077369,-60.94313430786133,-46.21212387084961,0.028970613842194588,0.009070383294189915,5.249627874319818,42714.21458662454
2025-06-09,3722,-56.709592218619406,-61.15940284729004,-51.463121795654295,0.035134821440817955,0.008499754783752466,5.255085975282107,42757.512358946806
2025-06-10,5255,-56.462791806555835,-61.0682373046875,-50.78439483642578,0.039620429631905894,0.010731581660949266,5.248598541071995,42705.82816365366
2025-06-11,4964,-55.93223961008642,-61.1231143951416,-49.526773071289064,0.02942299602817627,0.008094722548114209,5.245927477840451,42684.890410958906
2025-06-12,4243,-56.26619568158792,-61.22985076904297,-50.01030120849609,0.028578202900785762,0.009709045195357289,5.248383533663288,42704.14612302616
2025-06-13,4720,-56.22928637448004,-61.373029708862305,-50.08913230895996,0.02761125729879781,0.007346333450521461,5.249035310734463,42709.625847457624
2025-06-14,3325,-57.02610033422484,-61.25488433837891,-52.02357635498047,0.03626331649018923,0.008088277480768449,5.254182255639098,42750.832481203004
2025-06-15,3213,-56.857694130763065,-61.69047393798828,-51.11302185058594,0.03182461021901522,0.008276026409711349,5.24583255524432,42684.23373793962
2025-06-16,3695,-56.104634693543225,-61.26011428833008,-49.64645538330078,0.029858273258974184,0.00793487445177157,5.250623004059539,42721.9699594046
2025-06-17,3483,-56.05128933963781,-60.478434753417964,-50.86344757080077,0.04201441867016597,0.008836453133136257,5.250555077040865,42721.97616996842
2025-06-18,4087,-55.70150702793615,-60.31625518798828,-50.538438415527345,0.037250256555010804,0.011172004589339752,5.2535931816328185,42745.919256178124
2025-06-19,4151,-56.11021739745594,-61.007057189941406,-50.27414321899414,0.030970288916366003,0.008246595034128789,5.245773066730908,42683.5287882438
2025-06-20,4608,-55.78256206586957,-60.80503273010254,-49.54710121154785,0.028481381832163574,0.007648404397843687,5.250189236111111,42718.923828125
2025-06-21,4618,-56.0301576633379,-61.528582382202146,-48.99780273437499,0.02690176273723906,0.007765208060027502,5.251347913959867,42727.92680814205
2025-06-22,4191,-56.42982323259023,-61.40496826171875,-49.9824447631836,0.02887006575108419,0.008547223551334613,5.247300087489063,42695.74803149606
2025-06-23,3974,-56.74360519374623,-61.92786979675293,-50.493134307861325,0.028154700840492736,0.007314178373405224,5.254471732930717,42752.86009058883
2025-06-24,4058,-56.62347147158063,-61.96846351623535,-50.00273132324219,0.02771725623676949,0.007429063336573131,5.252441268276655,42736.58698866436
2025-06-25,4337,-56.57883694107587,-61.86535797119141,-50.15078125,0.027664141099907797,0.0074561948054791055,5.247722849896242,42699.30343555453
2025-06-26,4463,-56.401173476010406,-61.26307220458984,-50.57938537597656,0.03224522426305318,0.007788687505450505,5.2526647247740685,42738.38987228322
2025-06-27,4695,-56.1365680064891,-60.93897476196289,-50.42387390136719,0.03078468574302503,0.0074204089508378935,5.251802200922968,42731.75825346113
2025-06-28,3742,-57.11334486940466,-61.7210994720459,-51.8691291809082,0.03204690783010859,0.00840185560315966,5.248814715838233,42707.898182789955
2025-06-29,4028,-55.73684889889048,-61.90107383728028,-44.849718475341795,0.025968008374740708,0.009200435435345978,5.249352201257862,42712.03848063555
2025-06-30,4034,-56.521396395825604,-61.77183799743653,-49.82389564514159,0.028468259136534134,0.007569952929073772,5.248527020327218,42705.66732771443
2025-07-01,3892,-56.95822851508397,-61.91987762451172,-50.95217361450195,0.029122204652779315,0.00801674593717161,5.244181226447413,42670.76156217883
2025-07-02,4486,-56.28197355521241,-61.50203323364258,-49.89386558532715,0.030734124754157606,0.00800306395327615,5.250436171793728,42721.041016495765
2025-07-03,4449,-56.37000627618448,-61.772315979003906,-50.20394439697265,0.029518255421004922,0.010429722245792384,5.250503483928973,42721.48707574736
2025-07-04,4400,-56.03773218111559,-61.471052932739255,-48.48659896850586,0.02808329365102213,0.008769645623146345,5.2476416666666665,42698.15159090909
2025-07-05,4115,-56.838098483821454,-61.97828598022461,-50.387696838378915,0.027970204746120303,0.007956914403930935,5.2516200891049,42729.97156743621
2025-07-06,4250,-56.00029499053955,-61.77943916320801,-47.23549728393555,0.02597352269504145,0.008243874127368205,5.2484701176470585,42705.08517647059
2025-07-07,3813,-56.49366802472691,-61.59168319702148,-50.00915832519531,0.029458077017938584,0.0076904275131912505,5.24790873328088,42700.42092840283
2025-07-08,4128,-56.775644520456474,-62.252986145019534,-49.805360031127925,0.02826465921221715,0.007735794822748193,5.249341408268734,42711.93968023256
2025-07-09,4295,-56.64702486120364,-61.66574935913086,-50.69533081054688,0.03057523477983596,0.007954937117916533,5.252111136980986,42734.21746216531
2025-07-10,4081,-56.645249001040995,-61.46875,-51.19798278808594,0.033114894898302154,0.0078591152437982,5.247141060197664,42694.097280078415
2025-07-11,4641,-56.6264432600104,-61.706687927246094,-50.73524475097656,0.03004574441185222,0.007661258579641665,5.251308195072901,42727.72355095884
2025-07-12,3941,-56.681756836785425,-61.89984130859375,-49.54051208496094,0.02963635191259987,0.008376913890486054,5.248610504947982,42706.27759451916
2025-07-13,3796,-56.07050372325708,-62.122087478637695,-47.29138946533203,0.02962618234848384,0.009517886295914248,5.246884088514225,42692.46469968388
2025-07-14,3555,-57.15444886681065,-62.02381134033203,-51.363867187500006,0.03151992034573224,0.008353851212482373,5.2520570089076415,42733.48663853727
2025-07-15,4056,-56.54846364929831,-61.78001022338867,-50.22894096374512,0.030946633343605978,0.008375170995080151,5.24937573964497,42712.51849112426
2025-07-16,4385,-56.68599766608383,-61.68166961669922,-50.49456481933594,0.02936051689936046,0.007797103914492797,5.246129532497149,42686.55781071836
2025-07-17,4322,-56.82854981446697,-61.82221374511719,-50.86113395690918,0.029787484314248405,0.007519274149076578,5.2519256517044575,42732.68509949098
2025-07-18,4882,-56.50430697839995,-62.011244201660155,-49.57472648620605,0.027986229453154165,0.008257525093061376,5.248808548409121,42707.90126997132
2025-07-19,4660,-55.935200014646476,-61.89739723205567,-47.34802436828613,0.02720707566722547,0.008532572150492182,5.249261373390557,42711.32596566524
2025-07-20,3901,-57.02194545122942,-62.32976913452149,-49.95182800292969,0.028732307858028026,0.008505592797120373,5.245096641886696,42678.168162009744
2025-07-21,4114,-56.90166594811765,-62.3158260345459,-50.10533065795898,0.02926399408835146,0.008268308491107032,5.249739750445633,42715.104035002434
2025-07-22,4092,-56.82613610895032,-62.13621788024902,-50.193437576293945,0.02915765314036344,0.008058379516134726,5.2508422939068105,42723.8734115347
2025-07-23,4317,-56.678505007028306,-62.06860427856446,-49.86673202514648,0.029144966773639362,0.008153599482008096,5.252538645664427,42737.45726198749
2025-07-24,4370,-56.941843574489006,-62.144355392456056,-50.65270919799805,0.029678105875451177,0.007787732393118117,5.250550877192982,42721.74919908467
2025-07-25,4332,-57.015801312630636,-61.90947952270508,-50.91374969482422,0.03176399033618076,0.009070500888240027,5.252339181286549,42735.70452446907
2025-07-26,4259,-56.87484387372911,-62.0985954284668,-50.57338409423828,0.0297530828663142,0.008159391135298814,5.247160992408234,42694.75557642639
2025-07-27,2776,-57.957834951472215,-62.042104721069336,-53.34243202209473,0.03618658861629072,0.008410551606750631,5.2526056676272805,42738.13364553314
2025-07-28,3495,-56.76840192606521,-62.170684814453125,-49.92818908691407,0.028687618846682472,0.008826571375795431,5.249900810681926,42716.53991416309
2025-07-29,3824,-56.93425217831983,-62.25811004638672,-50.49188690185547,0.02791623005732066,0.00827633890627843,5.24798570432357,42701.17625523012
2025-07-30,3819,-57.20009894519615,-62.16259613037109,-50.977056884765624,0.030568687509649993,0.010278562969593563,5.2481876582002265,42702.55276250327
2025-07-31,3535,-56.528298278981254,-61.11744995117188,-51.14175491333008,0.04253989355291222,0.015953560892973204,5.250757944365866,42723.56067892504
2025-08-01,4210,-55.96584146232333,-60.69270401000976,-50.7077522277832,0.03551220829493006,0.008140462414073213,5.249499604117181,42713.52399049881
2025-08-02,4189,-55.83522366532622,-61.52442016601563,-48.136105346679685,0.028987996405892,0.0089455330443229,5.251979629187554,42733.01098114108
2025-08-03,4116,-56.064791877253526,-61.77690315246582,-47.308584213256836,0.02808264500268616,0.008673974994173089,5.253663427275671,42746.29008746356
2025-08-04,3595,-56.970982910495806,-62.129389953613284,-50.648660278320314,0.02979873239860414,0.00799560412739735,5.251233750579508,42727.21947148818
2025-08-05,3591,-56.68665267617149,-61.83849334716797,-50.28667068481445,0.030602206229103396,0.007923937672631595,5.242381694978186,42656.51322751323
2025-08-06,3831,-56.49345495133884,-61.78301239013672,-49.464202880859375,0.030467299042311883,0.00844692674473922,5.251340468111024,42727.709214304356
2025-08-07,4075,-56.569090766204646,-61.7078971862793,-50.2265121459961,0.029691740005410045,0.008014540646127336,5.251390102249488,42728.293496932514
2025-08-08,4527,-56.81052787819524,-61.93669204711914,-50.87334976196289,0.029512098063590425,0.007839055404419296,5.250388042117664,42720.641705323615
2025-08-09,3801,-56.755270504568855,-62.081912994384766,-49.82876586914063,0.02896879262074151,0.008614686003006248,5.2512531789879855,42727.402788739804
2025-08-10,3884,-55.936206261235085,-62.00707092285157,-46.595702362060536,0.027121150222046905,0.009359592054632306,5.250032269138345,42717.45751802266
2025-08-11,3578,-57.15093876117431,-62.321832275390626,-50.664498519897464,0.03006006325378046,0.008900686215865912,5.248276877212596,42703.55701509223
2025-08-12,3802,-57.17767323198474,-62.278862380981444,-50.47535858154297,0.029985435700453644,0.008526863563003813,5.246322987901105,42687.88111520252
2025-08-13,3797,-56.534651133648055,-61.85707473754883,-49.82313079833984,0.03447445844498656,0.014085290112186075,5.246790448599771,42691.85225177772
2025-08-14,3988,-56.89471274464874,-61.73398628234863,-50.90927429199219,0.031312528748081644,0.008507529476593662,5.251589769307924,42730.05667001003
2025-08-15,4110,-56.70633890008114,-61.946443557739265,-50.17661743164062,0.030410595867533988,0.008608769275138213,5.249021573398216,42709.36204379562
2025-08-16,3803,-56.7668315712916,-62.1778923034668,-49.642887115478516,0.030156980183264025,0.008894903008077153,5.248846349373301,42708.1212200894
2025-08-17,3485,-57.31361635610397,-62.48567962646484,-50.395103454589844,0.030353259371952407,0.009213808084290993,5.250590913438545,42721.89354375897
2025-08-18,3434,-57.43717584348933,-62.26816368103027,-51.54164543151855,0.030959595294615172,0.008096666927364285,5.244285769753446,42671.762376237624
2025-08-19,3728,-57.04015591011539,-62.00687484741211,-51.08848152160644,0.031097698357959884,0.007854892197557571,5.2521478898426315,42734.403701716736
2025-08-20,3507,-56.32713507572606,-61.078911590576176,-51.12281112670898,0.04737777825679793,0.020597321140881173,5.249780058929759,42715.28029654976
2025-08-21,3810,-56.148482683637326,-60.66098289489746,-50.916058731079104,0.03615788283209714,0.008631406390896244,5.251421172353455,42728.58398950131
2025-08-22,4441,-56.45005237301898,-61.48924255371094,-50.78429412841797,0.03151725740184005,0.008272674581543727,5.251720183141935,42730.81197928394
2025-08-23,3493,-56.29189574326003,-61.606713104248044,-49.43856048583984,0.029249377802358575,0.00870200656239036,5.246967458726978,42693.04122530776
2025-09-10,4645,-56.818503219473094,-61.54788513183594,-51.2131462097168,0.02320702650357833,0.006027890703515169,5.252959024040186,42741.09644779332
2025-09-11,5946,-56.98377410691072,-65.49908447265625,-48.732913970947266,0.02257154957936668,0.008060063014911198,5.251076129610943,42725.48856374033
2025-09-12,6089,-59.00545657454384,-66.40021057128907,-50.00685119628906,0.025888501130554804,0.010123096415293693,5.251048448021021,42725.73328953851
2025-09-13,5347,-59.95158196209033,-66.83451232910156,-51.37866439819335,0.029204949552572808,0.0109709701527573,5.2444387507013275,42673.025621844026
2025-09-14,4397,-60.11138068835302,-67.03083038330078,-50.889068603515625,0.028940913926369726,0.011551159862556098,5.245966795542415,42685.40300204685
2025-09-15,3199,-60.00350644492328,-66.46342010498047,-52.304142761230466,0.02973259931884311,0.009458019000815837,5.2537109513389595,42747.031572366366
2025-09-16,3301,-59.85979307048142,-66.49501037597656,-51.84263229370117,0.030315809281645137,0.009606554215715922,5.249462587094819,42712.91911541957
2025-09-17,3379,-59.91803495966496,-66.22478485107422,-52.4456802368164,0.029718598573808604,0.008922496856813967,5.251079017460787,42726.01568511394
2025-09-18,3617,-56.996205813719286,-65.95025024414062,-45.56435546875,0.023749463023032803,0.010827614534125377,5.248205326698,42702.943046723805
2025-09-19,3455,-59.06825151236461,-66.26998443603516,-49.94861297607422,0.026518544569019708,0.012272916680970187,5.254491461649783,42753.29232995659
2025-09-20,3988,-59.681388247575065,-66.38793411254883,-50.78285179138184,0.028640726029844486,0.009787638873131726,5.245668672684721,42682.81795386159
2025-09-21,3254,-59.84112893194235,-66.45819549560547,-51.00004577636719,0.03007298587266913,0.010484392156188713,5.245564433517721,42682.14044253227
2025-09-22,2496,-57.365775760167686,-67.07249450683594,-45.33024597167969,0.02519704095897315,0.011885763322399493,5.249074252136752,42710.21153846154
2025-09-23,3516,-59.72494326625125,-66.16942596435547,-51.12676811218262,0.03236777487704103,0.010329123640012768,5.248190936670459,42702.46046643914
2025-09-24,3384,-58.99846097819912,-64.83823852539062,-52.03126640319824,0.04843202172746684,0.017639929371031864,5.245862293144208,42684.19296690307
2025-09-25,4367,-58.024078309740716,-63.34454879760742,-51.93094329833984,0.0749764791796818,0.024064860459371094,5.251454240134341,42729.17998626059
2025-09-26,7485,-59.74329849095367,-66.1723861694336,-52.074355316162105,0.03655436792512966,0.011227437195088624,5.252778000445335,42739.46145624582
2025-09-27,7497,-59.41532832590027,-65.70426940917969,-51.87673187255859,0.032084898514739876,0.010457620077661253,5.252536925881463,42737.45071361878
2025-09-28,6763,-59.36517258626759,-65.92282104492188,-51.04397201538086,0.02906327100763892,0.010267707302759384,5.24712198728375,42694.14313174626
2025-09-29,6405,-59.79285377544132,-66.41205596923828,-51.240149688720706,0.031131659616564198,0.010128433049791523,5.248048191517044,42701.77314597971
2025-09-30,6915,-60.0993161067011,-66.44376373291016,-51.92012329101562,0.031553359342100094,0.009876688415425446,5.245984574596288,42685.52277657267
2025-10-01,6658,-60.32410679596901,-66.65538787841797,-52.55009078979492,0.03150402197042514,0.009983220152399563,5.248983678782417,42709.29948933614
2025-10-02,6731,-60.070649914535366,-66.38529205322266,-52.463077545166016,0.0312542467732891,0.009757262866624618,5.248212053681969,42703.25196850394
2025-10-03,7447,-60.288740296643645,-66.66418914794922,-52.499821472167966,0.03167416132432283,0.00967897108977479,5.245517479074347,42681.75869477642
2025-10-04,7254,-59.5640907437472,-66.22433776855469,-51.1705436706543,0.03004951541706472,0.010329478145763012,5.2493140336366135,42711.81017369727
2025-10-05,6372,-59.8038912932976,-66.52088317871093,-51.04295578002929,0.0300443931452538,0.010709188302486579,5.249604415149612,42714.11111111111
2025-10-06,6224,-59.760536097928615,-66.28727340698242,-51.75256156921387,0.03082484629793311,0.010044325355181823,5.250508783204798,42721.400385604116
2025-10-07,3638,-58.935242219833704,-65.6130760192871,-50.43618202209473,0.030733853331634045,0.010109835756529737,5.250735202492212,42723.23254535459
2025-10-08,6548,-59.8527547478603,-66.1277084350586,-52.05717468261719,0.05215770737077749,0.022243531410144405,5.245693036041539,42682.99587660354
2025-10-09,6863,-60.04805566464501,-66.18293914794921,-52.10420227050781,0.033930460114313145,0.010803274370403503,5.250834426149885,42723.670697945505
2025-10-10,5869,-58.94451041846406,-65.34772186279297,-50.98262481689453,0.03048504933967024,0.009675147107503855,5.253812915317771,42747.51150110752
2025-10-11,9242,-59.384752758342294,-65.66265487670898,-52.058620071411134,0.03381401593296271,0.010218853147313646,5.250968188703744,42724.83272019043
2025-10-12,4904,-60.47860163926689,-65.7363998413086,-54.142309951782224,0.041040687385532605,0.015475375523473103,5.252604676454594,42738.31586460033
2025-10-13,5497,-56.05617647203984,-60.44383087158203,-50.72284393310545,0.07807978611314843,0.018365591480010636,5.250451882845188,42721.061124249594
2025-10-14,6127,-58.49306664545462,-64.48333587646485,-51.2000747680664,0.043857307838940325,0.013517592767081605,5.248377019748653,42704.63048800392
2025-10-15,6840,-58.94619096789444,-65.03818740844727,-51.33615798950195,0.03870144702576319,0.011674250788561755,5.249848635477583,42716.12616959064
2025-10-16,6364,-58.835012465584285,-64.98361434936524,-51.1766902923584,0.03157033622451771,0.010337155883497552,5.2495777288916825,42713.84993714645
2025-10-17,7373,-59.40270645460312,-65.62904205322266,-51.73261337280273,0.029932411834124067,0.00945149897687977,5.250627876486279,42722.33392106334
2025-10-18,7497,-59.72291104832029,-65.973876953125,-51.92342529296875,0.029287279522701312,0.00934747381736765,5.251209550486862,42726.86901427238
2025-10-19,6280,-58.75142669131042,-65.32621917724609,-50.076896286010744,0.03164465033427297,0.010873233309468197,5.251361464968152,42728.28280254777
2025-10-20,5193,-58.45647036903009,-64.26456146240234,-51.529684448242186,0.05341587741825374,0.018464541093752233,5.249161306887476,42710.48642403235
2025-10-21,6561,-58.95497334728407,-65.14387512207031,-51.46680450439453,0.03264003409825198,0.010521382995897607,5.248769902961947,42707.31473860692
2025-10-22,1092,-58.579111319321854,-64.0845817565918,-51.66644363403321,0.043908172140140735,0.01813784581852367,5.250290598290598,42719.29029304029
2025-10-23,1237,-58.44208671242938,-65.00693359375,-51.40082702636719,0.03094193035997685,0.010707110508416114,5.2517100511991375,42731.0670978173
2025-10-24,1380,-58.263018398008484,-65.09335784912109,-50.09386901855469,0.030555015939421615,0.00989577095301389,5.2514,42728.79927536232
2025-10-25,1280,-59.78304450809956,-65.63794174194337,-52.56824951171875,0.03042549177533106,0.009836331550795942,5.2471145833333335,42694.425
2025-10-26,1145,-60.152236751906216,-66.02884368896484,-52.95542755126953,0.029797570062193787,0.00974646871465089,5.256507714701601,42769.20524017467
2025-10-27,1139,-59.35335449004403,-65.81931762695312,-51.24478988647461,0.030203136133839178,0.009537528741387438,5.242882645595552,42660.703248463564
2025-10-28,984,-59.84836041055075,-65.78617401123047,-52.47430000305176,0.031147848223447384,0.009218888534074187,5.250264227642275,42719.71443089431
2025-10-29,1135,-59.283419504039614,-65.63444061279297,-51.642327880859376,0.03151263950296979,0.00947190838943393,5.250362995594713,42720.542731277535
2025-10-30,773,-57.98530071796452,-63.75299835205078,-51.81779022216797,0.0698485914229343,0.02328929045866239,5.254195774040534,42750.88357050453
2025-10-31,4824,-58.242475451126225,-63.61112289428711,-51.58406410217285,0.038581708319987855,0.010701648071031303,5.24583402432283,42684.49336650083
2025-11-01,5399,-60.324496462645854,-65.7353286743164,-53.34065551757813,0.034072973176334065,0.009465546322352952,5.25037871210718,42720.61604000741
2025-11-02,5006,-59.171469437328284,-65.74088668823242,-50.83903884887695,0.029060918470185382,0.010801534360829756,5.248579171660674,42706.37674790252
2025-11-03,5256,-58.71563124511521,-65.35139465332031,-50.24790573120117,0.032078264999863985,0.009835848826841957,5.251226154236428,42727.134703196345
2025-11-04,5569,-59.27372041710148,-65.03036041259766,-52.067633056640624,0.03321271521076032,0.010348856126827538,5.250836535583887,42724.02406177051
2025-11-05,5637,-59.20613264618813,-65.5003662109375,-50.993344116210935,0.031384279134892085,0.010011097547710979,5.252484063627224,42737.31825439064
2025-11-06,5827,-59.169185415189055,-65.15549926757812,-51.343937683105466,0.03137348914859254,0.009392247540393696,5.247191922658887,42694.979577827355
2025-11-07,6107,-58.66424888328501,-64.81151580810547,-51.559793090820314,0.03344921302206122,0.009868172827134924,5.252225315212051,42734.751760275096
2025-11-08,4922,-58.815156959121374,-64.36629486083984,-52.1614330291748,0.0403578437859031,0.014893131760473825,5.248576323987539,42705.59345794393
2025-11-09,3918,-60.39474599613347,-65.43027801513672,-54.296157836914055,0.038576726343544795,0.013568509442982496,5.247952696954228,42701.17279224094
2025-11-10,4461,-58.4572714596312,-64.0235595703125,-51.72742462158203,0.06243996492279109,0.02026570772768272,5.248970186056938,42709.174848688635
2025-11-28,220,-60.676907574046744,-65.92255401611328,-54.25801010131837,0.029796744209710232,0.009142550015903405,5.2600999999999996,42797.86363636364
2025-11-29,4903,-59.997878010652755,-65.85432281494141,-52.30980377197265,0.027855455591230163,0.00869108527264778,5.250407913522333,42720.56414440139
2025-11-30,3088,-59.96328381182616,-65.1607292175293,-53.72369575500488,0.050562080144478286,0.021633058783793974,5.2483298791019,42704.004857512955
2025-12-01,5413,-59.14843529243688,-65.51173400878906,-51.383977508544916,0.03122405531991496,0.009900501562919255,5.247580516041628,42698.02069092925
2025-12-02,2349,-59.992090580056406,-66.77197265625,-51.196424102783205,0.027074797297717803,0.012946678267609714,5.253008088548318,42741.35121328225
2025-12-03,5098,-59.9679572560732,-66.22428131103516,-52.117234802246095,0.03291384503856237,0.01088308724126461,5.252256178893683,42735.27932522558
2025-12-04,5407,-59.694197031581645,-66.04449768066407,-51.8537727355957,0.027448060071758467,0.008959404435028451,5.251375994081745,42728.35287590161
2025-12-05,5436,-60.01081237694724,-66.08384704589844,-52.398468017578125,0.028173646990519448,0.009373494103047952,5.252154648025509,42734.26030169242
2025-12-06,5408,-60.666034658985026,-66.31948165893554,-53.75797729492187,0.0382991112165604,0.011989340940186444,5.249032667652859,42709.46468195266
2025-12-07,3903,-61.21014936966619,-66.72625274658203,-54.25992126464844,0.03206100769454418,0.01007522502220582,5.251397557434451,42728.54470919805
2025-12-08,5016,-60.20733793272356,-66.46050262451172,-52.26485252380371,0.028350378576369805,0.009462140198646636,5.249245614035087,42711.31838118022
2025-12-09,5104,-59.719844301666214,-66.16502456665039,-51.76865272521973,0.027896955482127173,0.010163363074949463,5.250344827586207,42720.07895768025
