date,modality,quality,file_count,total_size
2023-10-14,image,u,22,24770337
2023-10-20,image,l,3,4455275
2023-10-21,image,u,1540,996842553
2023-10-21,image,l,17,24367078
2023-10-22,image,u,913,757391306
2023-10-22,image,h,795,627452217
2023-10-22,image,l,234,443187567
2023-10-23,image,h,3114,2624874893
2023-10-24,image,h,3421,2706445127
2023-10-25,image,l,2000,3985842041
2023-10-25,image,h,3401,2945839101
2023-10-26,image,h,2884,2704101275
2023-10-26,image,l,2826,5630967629
2023-10-27,image,h,3732,3445153925
2023-10-27,image,l,3616,5164387238
2023-10-28,image,h,4179,3928342585
2023-10-28,image,l,3880,5625402725
2023-10-29,image,h,202,163645772
2023-10-29,image,l,188,245277636
2023-10-30,image,h,429,357856450
2023-11-08,audio,h,900,38123197
2023-11-08,image,h,2916,2430660025
2023-11-09,image,h,2391,2117708424
2023-11-09,audio,h,2388,101975700
2023-11-10,audio,h,2785,118893808
2023-11-10,image,h,2789,2795567718
2023-11-13,audio,h,2,85477
2023-11-13,image,h,2,1995235
2023-11-14,image,h,94,100434575
2023-12-14,audio,h,14,596237
2023-12-14,image,h,16,6489553
2023-12-14,image,l,1,536279
2023-12-15,audio,l,1171,49493882
2023-12-15,audio,h,1403,59334135
2023-12-15,image,h,1935,1847936743
2023-12-15,image,l,2398,4731035021
2023-12-16,audio,l,2234,94802282
2023-12-16,audio,h,2500,106102937
2023-12-16,image,l,2282,4983821335
2023-12-16,image,h,2507,2467642800
2023-12-17,audio,l,1289,54873748
2023-12-17,audio,h,1353,57588429
2023-12-17,image,h,1353,1020195801
2023-12-17,image,l,1311,1569800853
2023-12-18,image,l,1343,1634198034
2023-12-18,image,h,1622,1108131059
2023-12-18,audio,h,1620,68912605
2023-12-18,audio,l,1320,56150679
2023-12-19,image,l,1229,2428705625
2023-12-19,image,h,862,789596542
2023-12-19,audio,h,859,36435511
2023-12-19,audio,l,1208,51331227
2023-12-20,image,l,167,317356268
2023-12-20,image,h,18,14654715
2023-12-20,audio,h,18,770272
2023-12-20,audio,l,166,7092621
2023-12-21,audio,h,12,512102
2023-12-21,audio,l,204,8717251
2023-12-21,image,l,206,399398708
2023-12-21,image,h,12,9980129
2024-01-12,image,h,2975,2765275084
2024-01-12,audio,l,2610,109298934
2024-01-12,audio,h,2972,124390986
2024-01-12,image,l,2658,5425063002
2024-01-13,audio,l,1165,48647440
2024-01-13,image,l,1199,2105407379
2024-01-13,audio,h,2210,92651438
2024-01-13,image,h,2218,1918699930
2024-01-14,audio,l,1676,70575955
2024-01-14,audio,h,1875,78879553
2024-01-14,image,l,1726,3105830351
2024-01-14,image,h,1877,1591800617
2024-01-15,audio,h,2412,101092869
2024-01-15,image,l,2173,4403035287
2024-01-15,image,h,2415,2051656859
2024-01-15,audio,l,2117,88751228
2024-01-16,image,h,1519,964029179
2024-01-16,audio,l,482,20248587
2024-01-16,audio,h,1518,64025708
2024-01-16,image,l,491,518765838
2024-01-17,audio,h,2591,108401042
2024-01-17,audio,l,2314,96914356
2024-01-17,image,h,2593,2038410976
2024-01-17,image,l,2345,3688616946
2024-01-18,image,l,2545,3980673767
2024-01-18,image,h,2790,1962702435
2024-01-18,audio,h,2785,116448497
2024-01-18,audio,l,2519,105331584
2024-01-19,audio,h,2532,106460008
2024-01-19,image,l,949,1306934815
2024-01-19,audio,l,942,39468419
2024-01-19,image,h,2537,1537258810
2024-01-20,audio,l,1350,56718684
2024-01-20,image,l,1378,1655515842
2024-01-20,image,h,2156,1366185350
2024-01-20,audio,h,2150,90281223
2024-01-21,image,l,481,705522554
2024-01-21,image,h,552,363548209
2024-01-21,audio,l,473,19949823
2024-01-21,audio,h,551,23236826
2024-01-22,image,l,2430,3903850952
2024-01-22,image,h,2699,2049406918
2024-01-22,audio,l,2386,99834527
2024-01-22,audio,h,2696,112728418
2024-01-23,audio,l,2327,97261759
2024-01-23,image,l,2365,3876348593
2024-01-23,image,h,2618,2047094760
2024-01-23,audio,h,2615,109245801
2024-01-24,image,l,2023,1545882407
2024-01-24,audio,l,1988,83134356
2024-01-24,audio,h,2372,99159861
2024-01-24,image,h,2375,1242416897
2024-01-25,image,l,1117,1940225634
2024-01-25,audio,l,1097,45751095
2024-01-25,image,h,1821,1557668220
2024-01-25,audio,h,1812,75753557
2024-01-26,image,l,778,978355593
2024-01-26,image,h,2469,1923231968
2024-01-26,audio,h,2463,103282447
2024-01-26,audio,l,766,31960257
2024-01-27,audio,l,2208,92405071
2024-01-27,image,l,2250,4453453824
2024-01-27,image,h,2496,2371311534
2024-01-27,audio,h,2492,104150972
2024-01-28,audio,h,1281,54112134
2024-01-28,audio,l,474,20000119
2024-01-28,image,h,1285,847450949
2024-01-28,image,l,482,407347353
2024-01-29,audio,h,2530,106261395
2024-01-29,audio,l,1646,69074094
2024-01-29,image,l,1677,2019959303
2024-01-29,image,h,2533,1701978574
2024-01-30,audio,l,2248,94303730
2024-01-30,audio,h,2645,110803720
2024-01-30,image,l,2274,3074911852
2024-01-30,image,h,2648,1923584329
2024-01-31,image,h,2804,1853314319
2024-01-31,audio,l,2507,104883141
2024-01-31,image,l,2550,3470571028
2024-01-31,audio,h,2801,117119062
2024-02-01,audio,l,2520,105464460
2024-02-01,image,h,2791,1876742024
2024-02-01,audio,h,2786,116507469
2024-02-01,image,l,2565,3633024498
2024-02-02,image,h,2838,2352805490
2024-02-02,image,l,2559,3976796197
2024-02-02,audio,h,2832,118266127
2024-02-02,audio,l,2520,105386559
2024-02-03,image,h,2526,2509242939
2024-02-03,image,l,2326,4172091974
2024-02-03,audio,h,2525,105829818
2024-02-03,audio,l,2287,95922520
2024-02-04,audio,h,2177,91269466
2024-02-04,audio,l,1684,70595709
2024-02-04,image,l,1751,3350673048
2024-02-04,image,h,2193,2235755563
2024-02-05,image,l,1929,3617049910
2024-02-05,image,h,2606,2538843121
2024-02-05,audio,h,2604,109187614
2024-02-05,audio,l,1898,79473370
2024-02-06,image,l,2609,5085561848
2024-02-06,image,h,2909,2844912581
2024-02-06,audio,h,2905,121355373
2024-02-06,audio,l,2566,107287941
2024-02-07,image,h,2976,2958773174
2024-02-07,image,l,2687,5262337310
2024-02-07,audio,l,2658,111129611
2024-02-07,audio,h,2974,124236235
2024-02-08,audio,h,2286,95257371
2024-02-08,image,h,2292,2243092323
2024-02-08,image,l,2064,4019883182
2024-02-08,audio,l,2025,84363810
2024-02-09,image,h,3089,2894032608
2024-02-09,image,l,2819,5294171121
2024-02-09,audio,h,3083,128596379
2024-02-09,audio,l,2741,114402471
2024-02-10,image,h,2710,2557550738
2024-02-10,image,l,2474,4693682109
2024-02-10,audio,h,2703,112828657
2024-02-10,audio,l,2424,101235610
2024-02-11,image,h,2049,1954565441
2024-02-11,image,l,1849,3506613395
2024-02-11,audio,h,2044,85715265
2024-02-11,audio,l,1810,75903813
2024-02-12,image,l,2680,5100706093
2024-02-12,image,h,2976,2741681889
2024-02-12,audio,h,2971,123933943
2024-02-12,audio,l,2630,109810622
2024-02-13,audio,h,801,33937140
2024-02-13,image,h,802,456290204
2024-02-14,image,h,2908,2305824377
2024-02-14,image,l,943,1425158884
2024-02-14,audio,l,921,38504956
2024-02-14,audio,h,2906,121848668
2024-02-15,audio,h,1597,66361021
2024-02-15,image,l,1413,2217001822
2024-02-15,audio,l,1389,57748915
2024-02-15,image,h,1601,1127911840
2024-02-16,image,h,2938,2312912114
2024-02-16,audio,l,2585,108003599
2024-02-16,audio,h,2935,122513623
2024-02-16,image,l,2641,3955421614
2024-02-17,image,h,2261,1501347973
2024-02-17,audio,l,1531,64047299
2024-02-17,audio,h,2261,94736581
2024-02-17,image,l,1565,2047699152
2024-02-18,image,h,2097,1706012811
2024-02-18,audio,h,2093,87722844
2024-02-18,audio,l,1884,79028282
2024-02-18,image,l,1928,2851188241
2024-02-19,image,h,2601,2253949236
2024-02-19,image,l,2378,3841594055
2024-02-19,audio,h,2597,108421664
2024-02-19,audio,l,2351,98265418
2024-02-20,image,h,2420,2151970057
2024-02-20,audio,h,2412,100469044
2024-02-20,audio,l,2158,89949822
2024-02-20,image,l,2201,3739717184
2024-02-21,image,h,3045,2599054432
2024-02-21,audio,l,2742,114259499
2024-02-21,image,l,2790,4779346350
2024-02-21,audio,h,3041,126647243
2024-02-22,audio,l,2605,108418049
2024-02-22,image,l,2660,4541206446
2024-02-22,audio,h,2862,118957875
2024-02-22,image,h,2891,2218159498
2024-02-23,audio,h,2978,124048832
2024-02-23,audio,l,2609,108698388
2024-02-23,image,l,2651,4481000118
2024-02-23,image,h,2979,2513538791
2024-02-24,image,h,1053,1104427986
2024-02-24,image,l,978,1900421761
2024-02-24,audio,l,955,39960786
2024-02-24,audio,h,1043,43625970
2024-04-01,image,l,1,1195181
2024-04-03,audio,l,793,33408522
2024-04-03,image,h,1141,748019748
2024-04-03,image,l,806,808259192
2024-04-04,audio,h,1059,44110812
2024-04-04,image,l,938,1507621519
2024-04-04,audio,l,904,37740107
2024-04-04,image,h,1590,1385812099
2024-04-05,image,l,2331,4302555867
2024-04-05,image,h,2467,2336152837
2024-04-05,audio,h,2461,101764099
2024-04-05,audio,l,2289,94558406
2024-04-06,audio,l,2732,113464977
2024-04-06,image,h,2896,2816848047
2024-04-06,image,l,2795,5157884738
2024-04-06,audio,h,2891,120009013
2024-04-07,image,h,2377,2495375103
2024-04-07,image,l,2265,4315801408
2024-04-07,audio,l,2211,92230810
2024-04-07,audio,h,2365,98539589
2024-04-08,image,l,3018,5976371603
2024-04-08,audio,l,2901,121929806
2024-04-08,image,h,3167,3394897431
2024-04-08,audio,h,3087,129674291
2024-04-09,audio,h,3619,153338668
2024-04-09,audio,l,3317,140565684
2024-04-09,image,l,3379,6729677536
2024-04-09,image,h,3627,4070801890
2024-04-10,image,h,3429,3481611412
2024-04-10,image,l,3301,5871151595
2024-04-10,audio,l,3248,136840167
2024-04-10,audio,h,3425,144216367
2024-04-11,image,h,3152,2241264333
2024-04-11,image,l,2741,2795678674
2024-04-11,audio,l,2685,112247161
2024-04-11,audio,h,3147,131471626
2024-04-12,image,h,3228,2163775525
2024-04-12,audio,h,3223,134859322
2024-04-12,image,l,3044,3171058343
2024-04-12,audio,l,2985,124917643
2024-04-13,audio,h,2912,121841970
2024-04-13,audio,l,2829,118428266
2024-04-13,image,h,2916,2806345427
2024-04-13,image,l,2895,4351049738
2024-04-14,image,l,2453,3725554020
2024-04-14,image,h,2542,2494473923
2024-04-14,audio,l,2386,99867847
2024-04-14,audio,h,2537,106295830
2024-04-15,audio,h,3309,139604180
2024-04-15,image,h,3321,3838799641
2024-04-15,image,l,3103,5059466770
2024-04-15,audio,l,3017,127305904
2024-04-16,audio,l,2188,92612058
2024-04-16,image,l,2255,3624731572
2024-04-16,audio,h,3383,143389895
2024-04-16,image,h,3391,3901744749
2024-04-17,audio,h,3320,139459935
2024-04-17,audio,l,3023,127066019
2024-04-17,image,h,3326,3328542684
2024-04-17,image,l,3089,5006928500
2024-04-18,image,h,2689,2349070900
2024-04-18,image,l,2416,3030673006
2024-04-18,audio,h,2688,112463405
2024-04-18,audio,l,2378,99634987
2024-04-21,audio,l,157,6632071
2024-04-21,image,l,172,293318320
2024-04-21,image,h,175,168917181
2024-04-21,audio,h,175,7395407
2024-04-22,image,l,3038,5394011909
2024-04-22,image,h,3314,3681632737
2024-04-22,audio,h,3307,138254403
2024-04-22,audio,l,2987,124999094
2024-04-23,image,h,3570,3970325415
2024-04-23,audio,l,3179,132457634
2024-04-23,image,l,3270,5642766211
2024-04-23,audio,h,3546,147726575
2024-04-24,image,l,2089,3478952888
2024-04-24,image,h,2988,3129420454
2024-04-24,audio,l,2033,84982854
2024-04-24,audio,h,2983,124866639
2024-04-25,image,l,3366,6010647517
2024-04-25,image,h,3706,4146948702
2024-04-25,audio,h,3688,153464843
2024-04-25,audio,l,3274,136358976
2024-04-26,audio,h,3865,160794204
2024-04-26,image,h,3876,4342136643
2024-04-26,image,l,3614,6314385865
2024-04-26,audio,l,3519,146536007
2024-04-27,image,h,3867,4014932972
2024-04-27,image,l,3628,6010763235
2024-04-27,audio,l,3543,147585615
2024-04-27,audio,h,3838,159724383
2024-04-28,audio,h,1464,61012475
2024-04-28,audio,l,1329,55425743
2024-04-28,image,h,3178,3325451761
2024-04-28,image,l,2989,5297010538
2024-04-29,audio,h,1882,80058753
2024-04-29,image,l,1427,2400344900
2024-04-29,image,h,3505,3748494631
2024-04-30,audio,l,2042,86606763
2024-04-30,audio,h,3498,148511649
2024-04-30,image,l,2101,3339131430
2024-04-30,image,h,3502,3429997734
2024-05-01,audio,l,3220,136550504
2024-05-01,audio,h,3629,153815186
2024-05-01,image,l,3272,5705163651
2024-05-01,image,h,3632,3862092616
2024-05-02,image,h,3760,4020381530
2024-05-02,image,l,2048,3518851856
2024-05-02,audio,h,3752,159244714
2024-05-02,audio,l,2013,85423458
2024-05-03,image,h,4043,4076740331
2024-05-03,image,l,2837,4857810075
2024-05-03,audio,l,2777,117461671
2024-05-03,audio,h,4033,170855042
2024-05-04,image,h,3835,4167004073
2024-05-04,image,l,3359,5794712676
2024-05-04,audio,l,3291,139300307
2024-05-04,audio,h,3822,161688093
2024-05-05,audio,h,2448,103920465
2024-05-05,audio,l,2133,90579430
2024-05-05,image,l,2188,2762837786
2024-05-05,image,h,2452,1922955070
2024-05-06,audio,h,3340,141427429
2024-05-06,audio,l,3021,127945228
2024-05-06,image,h,3349,3438021128
2024-05-06,image,l,3071,5539879392
2024-05-07,audio,h,3918,165758725
2024-05-07,image,l,3428,6253319242
2024-05-07,image,h,3928,4472156144
2024-05-07,audio,l,3370,142574548
2024-05-08,audio,h,3587,152243960
2024-05-08,audio,l,1726,73168273
2024-05-08,image,l,1773,2869108601
2024-05-08,image,h,3595,3697613049
2024-05-09,audio,h,3586,152533338
2024-05-09,image,h,3598,3671313707
2024-05-10,audio,h,3811,162105018
2024-05-10,image,h,3823,3608526406
2024-05-11,audio,h,4014,170595358
2024-05-11,image,h,4030,4113576756
2024-05-12,image,l,2775,4786038756
2024-05-12,audio,l,2708,114734486
2024-05-12,image,h,3030,2998007969
2024-05-12,audio,h,3028,128177593
2024-05-13,image,l,2725,4699829718
2024-05-13,audio,l,2604,110082392
2024-05-13,image,h,3210,3279097850
2024-05-13,audio,h,3123,131954209
2024-05-14,audio,h,2649,111313301
2024-05-14,audio,l,1528,64006225
2024-05-14,image,h,3771,3835892399
2024-05-14,image,l,1997,3356388275
2024-05-15,audio,h,89,3769839
2024-05-15,image,h,89,79600303
2024-05-19,image,h,2127,2198915199
2024-05-19,audio,l,1028,43014575
2024-05-19,audio,h,2096,87608312
2024-05-19,image,l,1060,1708671125
2024-05-20,audio,l,594,24880617
2024-05-20,audio,h,3642,152359881
2024-05-20,image,h,3705,3785400478
2024-05-20,image,l,620,973009456
2024-05-21,image,l,223,337253220
2024-05-21,audio,h,3975,166763976
2024-05-21,audio,l,220,9186826
2024-05-21,image,h,4002,4070545122
2024-05-22,image,h,1127,1243181934
2024-05-22,audio,h,1125,47367885
2024-05-23,audio,l,698,348867
2024-05-23,image,h,3676,3673315978
2024-05-23,image,l,724,1151726007
2024-05-23,audio,h,3666,1832271
2024-05-24,image,h,4402,4548815733
2024-05-24,audio,h,4024,2007636
2024-05-24,image,l,26,38645962
2024-05-24,audio,l,25,12486
2024-05-25,image,h,4280,4365935216
2024-05-26,image,h,3826,3919087526
2024-05-27,image,h,2305,2066990547
2024-05-28,image,h,1765,1699867590
2024-05-31,image,l,40,61498151
2024-05-31,image,h,3317,3288521609
2024-05-31,audio,h,3312,140633147
2024-05-31,audio,l,38,1607956
2024-06-01,audio,l,1,43123
2024-06-01,audio,h,4307,182942728
2024-06-01,image,h,4329,4309665862
2024-06-01,image,l,1,1717454
2024-06-02,audio,h,3809,161792940
2024-06-02,image,h,3820,3889061583
2024-06-03,audio,h,3651,155132167
2024-06-03,image,h,3658,3705607769
2024-06-04,audio,h,3828,162588894
2024-06-04,image,h,3834,3908649873
2024-06-05,image,h,4046,3983671537
2024-06-05,audio,h,4039,171591849
2024-06-06,audio,h,3684,156573671
2024-06-06,image,h,3693,3552344293
2024-06-07,audio,h,4383,186120237
2024-06-07,image,h,4392,4241047939
2024-06-08,image,h,4494,4468237854
2024-06-08,audio,h,4481,190194192
2024-06-09,image,h,90,81704899
2024-06-09,audio,h,90,3833927
2024-06-17,audio,h,2750,115292867
2024-06-17,image,h,2761,2712373840
2024-06-18,image,h,3679,3740945205
2024-06-18,audio,h,3666,153794681
2024-06-19,audio,h,3869,162947843
2024-06-19,image,h,3962,3995378346
2024-06-20,image,h,3942,4031675337
2024-06-20,audio,h,3930,166924918
2024-06-21,image,h,4026,3951315995
2024-06-21,audio,h,4012,170314120
2024-06-21,image,l,3,4729501
2024-06-22,image,h,2736,2644405476
2024-06-22,audio,h,2713,115150109
2024-06-26,image,h,3756,3746561289
2024-06-26,image,l,775,1016003906
2024-06-26,audio,l,767,31963119
2024-06-26,audio,h,3736,156276882
2024-06-27,image,h,4218,4201452136
2024-06-27,audio,h,4165,174548507
2024-06-28,audio,l,2195,92653517
2024-06-28,audio,h,4159,175383460
2024-06-28,image,h,4246,4081863121
2024-06-28,image,l,2239,3745318436
2024-06-29,audio,l,706,29720163
2024-06-29,image,h,1340,1251102972
2024-06-29,image,l,1014,1509189714
2024-06-29,audio,h,967,40752328
2024-06-30,audio,h,659,27215052
2024-06-30,image,h,665,602587638
2024-07-10,audio,h,58,2377071
2024-07-10,image,h,58,58955934
2024-07-11,audio,h,3769,155930924
2024-07-11,image,h,3779,3686929431
2024-07-12,image,h,3940,3896921980
2024-07-12,audio,h,3934,162696149
2024-07-13,image,h,3309,3304474462
2024-07-13,audio,h,3303,136872175
2024-07-14,audio,h,3601,149320676
2024-07-14,image,h,3629,3670374152
2024-07-15,audio,h,3214,114704779
2024-07-15,image,h,3219,3079590075
2024-07-16,image,h,2338,2327237551
2024-07-16,audio,h,2332,96715939
2024-07-17,audio,h,2959,124756892
2024-07-17,image,h,3331,3230453224
2024-07-18,audio,h,4041,172526003
2024-07-18,image,h,4053,4047192855
2024-07-19,audio,h,4189,179045256
2024-07-19,image,h,4207,4225669278
2024-07-20,image,h,3887,3894247541
2024-07-20,audio,h,3858,164780461
2024-07-21,image,h,3852,3920609625
2024-07-21,audio,h,3838,164046703
2024-07-22,image,h,3412,3421722064
2024-07-22,audio,h,3407,145445961
2024-07-23,image,h,3423,3380600057
2024-07-23,audio,h,3418,146090166
2024-07-24,audio,h,3480,148759790
2024-07-24,image,h,3483,3310156610
2024-07-24,audio,l,2111,90217509
2024-07-24,image,l,2148,2319333657
2024-07-25,image,h,3778,3793871038
2024-07-25,image,l,2197,2510002420
2024-07-25,audio,h,3767,160860538
2024-07-25,audio,l,2164,92343263
2024-07-26,image,l,2346,2654848606
2024-07-26,audio,l,2307,98527368
2024-07-26,audio,h,4205,179530510
2024-07-26,image,h,4211,4229102707
2024-07-27,image,h,3917,4002612240
2024-07-27,image,l,1886,2147508686
2024-07-27,audio,l,1843,78699914
2024-07-27,audio,h,3908,166910118
2024-07-28,image,h,3809,3819312977
2024-07-28,image,l,1290,1426746842
2024-07-28,audio,l,1265,54057631
2024-07-28,audio,h,3800,162138090
2024-07-29,audio,l,1956,83617087
2024-07-29,image,l,1989,2191039556
2024-07-29,image,h,3119,3094214288
2024-07-29,audio,h,3115,133184069
2024-07-30,image,l,3091,3262711257
2024-07-30,image,h,3607,3527866825
2024-07-30,audio,l,3041,129770678
2024-07-30,audio,h,3602,153936756
2024-07-31,image,l,2567,2760487931
2024-07-31,image,h,3415,3238356646
2024-07-31,audio,h,3408,145643809
2024-07-31,audio,l,2523,107652026
2024-08-01,audio,h,3799,162181606
2024-08-01,image,h,3805,4124605803
2024-08-01,image,l,3182,3473384207
2024-08-01,audio,l,3094,132069982
2024-08-02,audio,h,3830,163459351
2024-08-02,image,h,3839,4022127821
2024-08-02,image,l,3235,3478058282
2024-08-02,audio,l,3181,135860491
2024-08-03,audio,l,2894,123600238
2024-08-03,audio,h,3705,158393472
2024-08-03,image,h,3716,3839183901
2024-08-03,image,l,2948,3236715931
2024-08-04,image,l,2503,2730064687
2024-08-04,image,h,3002,2994240669
2024-08-04,audio,h,2998,127994078
2024-08-04,audio,l,2460,105004258
2024-08-05,image,h,3374,3595787129
2024-08-05,image,l,2892,3120169460
2024-08-05,audio,l,2839,121210579
2024-08-05,audio,h,3371,144159994
2024-08-06,image,h,3281,3360374974
2024-08-06,image,l,2654,2860503618
2024-08-06,audio,h,3279,139973983
2024-08-06,audio,l,2601,111143052
2024-08-07,image,l,2544,2576489371
2024-08-07,image,h,3207,3256290025
2024-08-07,audio,h,3200,136575263
2024-08-07,audio,l,2499,106682828
2024-08-08,image,l,2556,2503528735
2024-08-08,image,h,3342,3330141685
2024-08-08,audio,h,3335,142476034
2024-08-08,audio,l,2511,107288433
2024-08-09,image,h,3230,3079107983
2024-08-09,audio,l,2449,104654340
2024-08-09,image,l,2499,2412365914
2024-08-09,audio,h,3227,137769656
2024-08-10,audio,l,618,26421841
2024-08-10,image,l,625,785539347
2024-08-10,image,h,3777,4084343982
2024-08-10,audio,h,3767,161014701
2024-08-11,image,h,3740,4020234218
2024-08-11,audio,h,3727,159166328
2024-08-12,image,h,3332,3423457292
2024-08-12,audio,h,3328,142150631
2024-08-13,image,h,3680,3801152867
2024-08-13,audio,h,3673,157007107
2024-08-14,audio,h,3712,158788521
2024-08-14,image,h,3717,3924481376
2024-08-15,audio,h,3914,167192011
2024-08-15,image,h,3921,4190414980
2024-08-16,image,h,4145,4351353456
2024-08-16,audio,h,4137,176776778
2024-08-17,image,h,3336,3377316608
2024-08-17,audio,h,3324,141915764
2024-08-18,image,h,2201,1865215242
2024-08-18,audio,h,2193,93715782
2024-08-19,audio,h,3272,139763577
2024-08-19,image,h,3276,3382552423
2024-08-20,image,l,1,1496499
2024-08-20,audio,h,3690,157540560
2024-08-20,image,h,3694,3859747944
2024-08-21,audio,h,3810,162670386
2024-08-21,image,h,3818,4067842083
2024-08-22,audio,l,2769,118279084
2024-08-22,image,l,2835,3874595057
2024-08-22,image,h,3993,4258061702
2024-08-22,audio,h,3988,170255605
2024-08-23,image,l,3573,4749991019
2024-08-23,audio,l,3506,149637477
2024-08-23,audio,h,4277,182617848
2024-08-23,image,h,4290,4507867610
2024-08-24,image,h,3782,4063159584
2024-08-24,image,l,3186,4301277166
2024-08-24,audio,h,3760,160521405
2024-08-24,audio,l,3132,133823137
2024-08-25,audio,l,3019,129016803
2024-08-25,audio,h,3669,156629518
2024-08-25,image,h,3732,3951474176
2024-08-25,image,l,3149,4332876600
2024-08-26,audio,l,2788,119066708
2024-08-26,image,h,3284,3484819156
2024-08-26,image,l,2843,3722286700
2024-08-26,audio,h,3278,140027736
2024-08-27,image,h,3709,4060203495
2024-08-27,image,l,3134,4213163858
2024-08-27,audio,l,3085,131795506
2024-08-27,audio,h,3702,158133280
2024-08-28,audio,l,3078,131471533
2024-08-28,image,l,3115,4207631917
2024-08-28,image,h,3630,3913876319
2024-08-28,audio,h,3624,154961399
2024-08-29,audio,l,3173,135507182
2024-08-29,audio,h,3811,162662707
2024-08-29,image,h,3815,3903922073
2024-08-29,image,l,3234,4242822045
2024-08-30,image,l,3549,4580287656
2024-08-30,audio,l,3471,148381164
2024-08-30,image,h,4222,4441572131
2024-08-30,audio,h,4210,179794437
2024-08-31,image,h,3494,3530019078
2024-08-31,audio,l,2873,122775255
2024-08-31,audio,h,3488,149184844
2024-08-31,image,l,2921,3931301225
2024-09-01,image,l,2543,3470736338
2024-09-01,audio,l,2491,106549128
2024-09-01,image,h,2933,3129073205
2024-09-01,audio,h,2922,124791545
2024-09-02,audio,h,3411,145716749
2024-09-02,image,l,2951,4017319638
2024-09-02,image,h,3491,3804448670
2024-09-02,audio,l,2842,121396975
2024-09-03,audio,l,1,43893
2024-09-03,image,h,3764,4007394529
2024-09-03,image,l,1372,805921637
2024-09-04,audio,h,3844,164123408
2024-09-04,image,h,3851,4116896005
2024-09-04,image,l,1620,936112302
2024-09-04,audio,l,1598,68369159
2024-09-05,image,h,4116,4343005201
2024-09-05,image,l,1551,880260921
2024-09-05,audio,l,1531,65465163
2024-09-05,audio,h,4107,175358981
2024-09-06,image,h,4389,4550533343
2024-09-06,image,l,2295,1279524352
2024-09-06,audio,h,4381,187201891
2024-09-06,audio,l,2278,97245320
2024-09-07,audio,l,1755,74939480
2024-09-07,image,l,1779,986561522
2024-09-07,image,h,3970,3868126743
2024-09-07,audio,h,3964,169261183
2024-09-08,audio,l,1681,71887120
2024-09-08,image,l,1698,988617024
2024-09-08,image,h,4393,4672887896
2024-09-08,audio,h,4350,185756977
2024-09-09,audio,l,2136,91168739
2024-09-09,image,h,3659,3834676337
2024-09-09,audio,h,3654,156054009
2024-09-09,image,l,2180,2742411387
2024-09-10,audio,h,3698,158106287
2024-09-10,audio,l,838,35773341
2024-09-10,image,l,846,1190487328
2024-09-10,image,h,3706,3982903652
2024-09-11,audio,h,3795,162067710
2024-09-11,image,h,3804,4073995646
2024-09-12,audio,h,3880,165884999
2024-09-12,image,h,3885,4262630846
2024-09-13,audio,l,1673,71544250
2024-09-13,audio,h,4099,175231659
2024-09-13,image,l,1705,2714762438
2024-09-13,image,h,4108,4577885015
2024-09-14,audio,l,3268,139593658
2024-09-14,image,h,4147,4590514046
2024-09-14,image,l,3507,5291008718
2024-09-14,audio,h,3969,169306204
2024-09-15,audio,h,3921,167454245
2024-09-15,image,h,3966,4333770643
2024-09-15,image,l,3323,5001577191
2024-09-15,audio,l,3185,135983397
2024-09-16,audio,h,2925,125015119
2024-09-16,audio,l,3012,128646939
2024-09-16,image,l,3101,4705273286
2024-09-16,image,h,2927,928628264
2024-09-17,audio,h,3537,151036980
2024-09-17,audio,l,3147,134469011
2024-09-17,image,l,3218,4881311743
2024-09-17,image,h,3546,3155338406
2024-09-18,image,l,3345,5237487609
2024-09-18,audio,l,3273,139768555
2024-09-18,audio,h,3882,165866544
2024-09-18,image,h,3889,4004098033
2024-09-19,image,h,3691,3981347309
2024-09-19,audio,l,3100,132506984
2024-09-19,audio,h,3682,157278854
2024-09-19,image,l,3189,4798072308
2024-09-20,audio,h,4099,175054182
2024-09-20,audio,l,3410,145722757
2024-09-20,image,h,4108,4095880636
2024-09-20,image,l,3497,5352161787
2024-09-21,audio,h,3727,159037338
2024-09-21,audio,l,3113,132887794
2024-09-21,image,h,3751,3877411095
2024-09-21,image,l,3216,4919271034
2024-09-22,audio,l,2909,124283794
2024-09-22,audio,h,3484,148858798
2024-09-22,image,l,2997,4513373789
2024-09-22,image,h,3497,3624254019
2024-09-23,image,h,3459,3315500238
2024-09-23,audio,l,2926,125029760
2024-09-23,audio,h,3449,147277501
2024-09-23,image,l,2967,4484439686
2024-09-24,audio,h,3645,155677957
2024-09-24,image,h,3650,3538491091
2024-09-24,image,l,3150,4747841529
2024-09-24,audio,l,3080,131608106
2024-09-25,image,l,3175,4688313592
2024-09-25,image,h,3712,3455206222
2024-09-25,audio,h,3701,158038205
2024-09-25,audio,l,3111,132977088
2024-09-26,image,h,3358,2807595799
2024-09-26,image,l,2106,2342626059
2024-09-26,audio,h,3332,142385150
2024-09-26,audio,l,2063,88067231
2024-09-27,image,h,4188,3358963519
2024-09-27,audio,h,4179,178521729
2024-09-28,image,h,3787,2414304519
2024-09-28,audio,h,3777,161402878
2024-09-29,image,h,2918,1818992000
2024-09-29,audio,h,2912,124378594
2024-09-30,image,h,3520,2389807610
2024-09-30,audio,h,3515,150132998
2024-10-01,image,h,3603,2362513893
2024-10-01,audio,h,3598,153683947
2024-10-02,image,h,3779,2397168467
2024-10-02,audio,h,3773,161021053
2024-10-03,audio,h,3915,167227276
2024-10-03,image,h,3925,2604670648
2024-10-04,audio,h,4281,182905918
2024-10-04,image,h,4287,2844079556
2024-10-05,audio,h,4096,174915509
2024-10-05,image,h,4106,2881939826
2024-10-06,image,h,3692,2506579238
2024-10-06,audio,h,3685,157523235
2024-10-07,audio,h,3355,143290022
2024-10-07,audio,l,1234,52689549
2024-10-07,image,l,1265,2082967934
2024-10-07,image,h,3365,2220826223
2024-10-08,audio,h,3822,163248513
2024-10-08,audio,l,3136,134108177
2024-10-08,image,h,3830,2554851470
2024-10-08,image,l,3205,5157276195
2024-10-09,image,l,3131,5141930141
2024-10-09,audio,l,3067,131024454
2024-10-09,image,h,3644,2322157349
2024-10-09,audio,h,3639,155405888
2024-10-10,audio,h,3993,170581263
2024-10-10,audio,l,3166,135232262
2024-10-10,image,l,3250,4962825423
2024-10-10,image,h,4004,2557518683
2024-10-11,audio,l,3670,156751867
2024-10-11,image,h,4607,3086195854
2024-10-11,image,l,3763,6063705162
2024-10-11,audio,h,4595,196077116
2024-10-12,audio,h,6098,260394266
2024-10-12,image,h,6126,4215409964
2024-10-12,image,l,4857,7729177322
2024-10-12,audio,l,4713,201341279
2024-10-13,audio,h,3827,163423250
2024-10-13,image,h,3836,2258131282
2024-10-13,audio,l,3125,133443889
2024-10-13,image,l,3204,4477516605
2024-10-14,audio,l,2678,114307730
2024-10-14,audio,h,3233,138152778
2024-10-14,image,h,3243,1884333336
2024-10-14,image,l,2733,4046995808
2024-10-15,image,l,3021,4729259769
2024-10-15,audio,l,2977,127204391
2024-10-15,audio,h,3600,153711279
2024-10-15,image,h,3605,2266321771
2024-10-16,audio,l,1083,46262925
2024-10-16,audio,h,3919,167327236
2024-10-16,image,l,1120,1710448290
2024-10-16,image,h,3927,2549535812
2024-10-17,image,h,3770,2436427151
2024-10-17,image,l,3110,5126198887
2024-10-17,audio,h,3763,160733458
2024-10-17,audio,l,3045,129997809
2024-10-18,image,l,1810,3070643636
2024-10-18,image,h,4010,2727184308
2024-10-18,audio,l,1754,74875497
2024-10-18,audio,h,4001,170743999
2024-10-19,image,l,2114,3786208828
2024-10-19,image,h,4377,3072941100
2024-10-19,audio,h,4237,180969738
2024-10-19,audio,l,2017,86143009
2024-10-20,image,l,2,3308596
2024-10-20,audio,h,4120,175969968
2024-10-20,image,h,4134,2901328488
2024-10-21,image,l,1636,2806369130
2024-10-21,image,h,3875,2672772904
2024-10-21,audio,h,3869,165220488
2024-10-21,audio,l,1614,68977631
2024-10-22,image,l,1707,2974308165
2024-10-22,audio,h,3826,163309378
2024-10-22,audio,l,1669,71308610
2024-10-22,image,h,3833,2670659786
2024-10-23,audio,h,4095,175026348
2024-10-23,audio,l,3222,137624695
2024-10-23,image,h,4105,2774345584
2024-10-23,image,l,3315,5455611455
2024-10-24,audio,l,2865,122381983
2024-10-24,image,h,3624,2402964007
2024-10-24,image,l,2935,5027590038
2024-10-24,audio,h,3621,154738522
2024-10-25,image,h,3911,2550090392
2024-10-25,image,l,3105,5462021578
2024-10-25,audio,l,3028,129227605
2024-10-25,audio,h,3905,166821226
2024-10-26,image,h,3799,2471093784
2024-10-26,image,l,2583,4557858065
2024-10-26,audio,l,2503,106960082
2024-10-26,audio,h,3790,161943249
2024-10-27,image,h,3076,1999271264
2024-10-27,image,l,2615,4809318347
2024-10-27,audio,l,2555,109161609
2024-10-27,audio,h,3069,131065998
2024-10-28,image,l,2768,4732316788
2024-10-28,image,h,3251,1993262073
2024-10-28,audio,h,3247,138580354
2024-10-28,audio,l,2709,115763667
2024-10-29,audio,h,3333,142381532
2024-10-29,audio,l,2759,117852153
2024-10-29,image,l,2827,4439376036
2024-10-29,image,h,3342,1931827901
2024-10-30,image,l,1491,2566874503
2024-10-30,audio,h,3613,154318214
2024-10-30,image,h,3618,2447054360
2024-10-30,audio,l,1470,62775349
2024-10-31,audio,h,3709,158430477
2024-10-31,audio,l,1492,63790844
2024-10-31,image,l,1530,2610703344
2024-10-31,image,h,3722,2394836510
2024-11-01,audio,h,3903,166922074
2024-11-01,image,h,3907,2383594993
2024-11-02,audio,h,3348,143096811
2024-11-02,image,h,3355,1999928411
2024-11-03,audio,h,2636,112519425
2024-11-03,audio,l,2192,93550703
2024-11-03,image,l,2253,4273103701
2024-11-03,image,h,2639,1614880659
2024-11-04,image,h,2971,1646279860
2024-11-04,audio,l,2454,104825671
2024-11-04,image,l,2518,4156066304
2024-11-04,audio,h,2966,126766985
2024-11-05,audio,l,1524,65070288
2024-11-05,image,l,1564,2807117055
2024-11-05,image,h,3835,2332934446
2024-11-05,audio,h,3829,163538449
2024-11-06,audio,h,4027,172004125
2024-11-06,audio,l,864,36881631
2024-11-06,image,l,870,1500420573
2024-11-06,image,h,4032,2458762756
2024-11-07,image,h,2804,1743074558
2024-11-07,audio,l,1021,43600439
2024-11-07,image,l,1028,1789193377
2024-11-07,audio,h,2799,119530911
2024-11-08,audio,h,1345,57482884
2024-11-08,audio,l,10,428170
2024-11-08,image,h,1346,796441598
2024-11-08,image,l,10,12556579
2024-11-09,audio,l,26,1108922
2024-11-09,audio,h,1360,58096676
2024-11-09,image,h,1365,806629788
2024-11-09,image,l,26,37892050
2024-11-10,audio,l,7,293802
2024-11-10,audio,h,1442,61577069
2024-11-10,image,l,7,10251336
2024-11-10,image,h,1443,808182850
2024-11-11,image,h,1250,744323272
2024-11-11,audio,h,1249,53360172
2024-11-11,audio,l,35,1490532
2024-11-11,image,l,35,57138062
2024-11-12,image,h,1341,728277888
2024-11-12,image,l,74,107491149
2024-11-12,audio,l,74,3153898
2024-11-12,audio,h,1339,57175307
2024-11-13,audio,l,17,732718
2024-11-13,audio,h,1443,61630943
2024-11-13,image,h,1447,862663858
2024-11-13,image,l,17,21922668
2024-11-14,audio,h,1026,43836678
2024-11-14,image,h,1030,570964201
2024-11-14,image,l,22,28806665
2024-11-14,audio,l,22,936044
2024-11-15,audio,h,1495,63811114
2024-11-15,audio,l,16,686145
2024-11-15,image,h,1496,853230391
2024-11-15,image,l,16,21982425
2024-11-16,audio,h,1257,53722615
2024-11-16,audio,l,8,345757
2024-11-16,image,h,1258,716346380
2024-11-16,image,l,8,11466448
2024-11-17,image,h,989,592295236
2024-11-17,audio,l,8,345764
2024-11-17,image,l,8,11611012
2024-11-17,audio,h,989,42318627
2024-11-18,audio,h,1304,55700857
2024-11-18,image,l,19,29700423
2024-11-18,image,h,1305,756132367
2024-11-18,audio,l,19,820485
2024-11-19,audio,h,1303,55668967
2024-11-19,audio,l,3,131669
2024-11-19,image,l,3,4108223
2024-11-19,image,h,1305,749719529
2024-11-20,image,l,5,8000444
2024-11-20,audio,h,1303,55721285
2024-11-20,audio,l,5,216759
2024-11-20,image,h,1306,741071583
2024-11-21,audio,h,858,36637647
2024-11-21,audio,l,54,2310995
2024-11-21,image,l,54,41240551
2024-11-21,image,h,858,448031908
2024-11-22,image,h,751,341297863
2024-11-22,audio,l,74,3160585
2024-11-22,audio,h,751,32064443
2024-11-22,image,l,75,55916145
2024-11-23,image,l,12,19504105
2024-11-23,image,h,885,479163248
2024-11-23,audio,l,2,85095
2024-11-23,audio,h,261,11110228
2024-11-24,image,l,1,1389352
2024-11-24,image,h,863,459097307
2024-11-24,audio,h,1,41866
2024-11-25,image,l,77,103040396
2024-11-25,image,h,1185,662665006
2024-11-26,image,h,959,520247215
2024-11-26,image,l,4,6703903
2024-11-26,audio,h,338,14374104
2024-11-27,audio,h,1570,67050584
2024-11-27,audio,l,22,938733
2024-11-27,image,l,22,30429441
2024-11-27,image,h,1574,909152881
2024-11-28,audio,l,18,776602
2024-11-28,image,l,18,18498740
2024-11-28,audio,h,535,22847561
2024-11-28,image,h,535,271475361
2024-11-29,audio,h,1392,59486608
2024-11-29,image,l,1,1369375
2024-11-29,audio,l,1,43893
2024-11-29,image,h,1392,803058736
2024-11-30,audio,h,1844,78613083
2024-11-30,image,h,1847,1012230675
2024-12-01,image,l,1,1259467
2024-12-01,audio,l,1,43892
2024-12-01,audio,h,1473,62924640
2024-12-01,image,h,1474,806366644
2024-12-02,image,h,1579,884915840
2024-12-02,image,l,15,19405889
2024-12-02,audio,l,15,639561
2024-12-02,audio,h,1579,67391754
2024-12-03,image,h,1502,806871131
2024-12-03,audio,l,10,425469
2024-12-03,audio,h,1501,64131282
2024-12-03,image,l,10,14673814
2024-12-04,image,h,1228,673665763
2024-12-04,audio,l,2,82406
2024-12-04,audio,h,1224,52256536
2024-12-04,image,l,2,3212364
2024-12-05,audio,l,44,1882814
2024-12-05,audio,h,536,22865636
2024-12-05,image,l,46,51333886
2024-12-05,image,h,536,242031863
2024-12-06,audio,h,3440,146967326
2024-12-06,image,l,2593,3539310412
2024-12-06,image,h,3446,1746783856
2024-12-06,audio,l,2527,107820813
2024-12-07,image,l,1824,2634213177
2024-12-07,audio,l,1788,76390528
2024-12-07,audio,h,2815,120339329
2024-12-07,image,h,2820,1521881377
2024-12-08,image,l,1796,2429610240
2024-12-08,image,h,2183,1166541770
2024-12-08,audio,h,2176,92912738
2024-12-08,audio,l,1767,75491022
2024-12-09,image,l,2095,2712526087
2024-12-09,image,h,2602,1447619880
2024-12-09,audio,h,2599,111001938
2024-12-09,audio,l,2067,88389781
2024-12-10,audio,l,2092,89295265
2024-12-10,audio,h,2582,110253734
2024-12-10,image,h,2589,1010552992
2024-12-10,image,l,2124,2176262249
2024-12-11,audio,h,2178,93026611
2024-12-11,image,h,2179,821350406
2024-12-11,image,l,1689,1421190220
2024-12-11,audio,l,1650,70474312
2024-12-12,image,l,2505,3902751472
2024-12-12,audio,h,3121,133435583
2024-12-12,audio,l,2455,104775506
2024-12-12,image,h,3124,1623493876
2024-12-13,audio,h,3982,170042147
2024-12-13,audio,l,2561,109332201
2024-12-13,image,h,3987,2174735492
2024-12-13,image,l,2608,4325789863
2024-12-14,audio,h,3247,138698287
2024-12-14,audio,l,2225,95001249
2024-12-14,image,h,3254,1890358907
2024-12-14,image,l,2272,3984665016
2024-12-15,audio,h,2028,86666332
2024-12-15,audio,l,110,4716456
2024-12-15,image,l,110,163735152
2024-12-15,image,h,2031,1132874629
2024-12-16,image,l,399,205468497
2024-12-16,audio,h,2187,93439811
2024-12-16,audio,l,396,16933427
2024-12-16,image,h,2189,831429001
2024-12-17,image,h,2968,1667226894
2024-12-17,image,l,1186,1817115917
2024-12-17,audio,h,2961,126402165
2024-12-17,audio,l,1172,50088375
2024-12-18,image,l,1715,3025796858
2024-12-18,audio,h,3715,158676966
2024-12-18,audio,l,1701,72655227
2024-12-18,image,h,3721,2182201487
2024-12-19,image,l,2649,4381793152
2024-12-19,audio,l,2606,111315901
2024-12-19,image,h,3958,2137746524
2024-12-19,audio,h,3950,168672803
2024-12-20,audio,h,3039,129641040
2024-12-20,image,l,2607,4008859674
2024-12-20,image,h,3039,1631073476
2024-12-20,audio,l,2550,108828798
2024-12-21,audio,h,2686,114808894
2024-12-21,image,h,2690,1373553008
2024-12-21,audio,l,2107,90102670
2024-12-21,image,l,2158,2363436317
2024-12-22,image,l,1704,2425802720
2024-12-22,image,h,2191,1161447768
2024-12-22,audio,l,1677,71620281
2024-12-22,audio,h,2189,93487728
2024-12-23,image,h,3318,1813367729
2024-12-23,image,l,2489,3792832641
2024-12-23,audio,h,3315,141575984
2024-12-23,audio,l,2445,104506090
2024-12-24,audio,h,2458,104975358
2024-12-24,image,h,2462,1266584783
2024-12-24,image,l,2144,2356401621
2024-12-24,audio,l,2100,89663977
2024-12-25,audio,l,1277,54488807
2024-12-25,audio,h,1838,78582329
2024-12-25,image,l,1308,1889923797
2024-12-25,image,h,1842,1088626350
2024-12-26,audio,h,2500,106740628
2024-12-26,image,l,1959,2947994137
2024-12-26,image,h,2502,1446441996
2024-12-26,audio,l,1922,82056825
2024-12-27,image,l,1638,2663836478
2024-12-27,image,h,3254,1852106960
2024-12-27,audio,h,3248,138697423
2024-12-27,audio,l,1605,68616183
2024-12-28,audio,l,1554,66298702
2024-12-28,image,l,1576,2053029271
2024-12-28,audio,h,1852,79084223
2024-12-28,image,h,1854,866243376
2024-12-29,image,l,1528,1984151555
2024-12-29,image,h,1724,846088588
2024-12-29,audio,h,1724,73615018
2024-12-29,audio,l,1503,64209344
2024-12-30,image,l,654,838668614
2024-12-30,image,h,2473,1269422899
2024-12-30,audio,h,2468,105362496
2024-12-30,audio,l,646,27619989
2024-12-31,image,l,1967,3456103902
2024-12-31,image,h,2695,1626069204
2024-12-31,audio,l,1918,81882989
2024-12-31,audio,h,2689,114942575
2025-01-01,image,l,1251,2023646624
2025-01-01,image,h,1497,856448528
2025-01-01,audio,l,1196,51072296
2025-01-01,audio,h,1494,63858960
2025-01-02,image,h,2532,1334697482
2025-01-02,image,l,2176,3479393045
2025-01-02,audio,l,2149,91732475
2025-01-02,audio,h,2527,108034068
2025-01-03,audio,h,3051,130294191
2025-01-03,image,h,3058,1565613364
2025-01-03,image,l,2402,3933852206
2025-01-03,audio,l,2356,100710556
2025-01-04,image,h,2637,1337652289
2025-01-04,audio,h,2635,112538300
2025-01-04,image,l,2041,3382917999
2025-01-04,audio,l,1987,84904641
2025-01-05,audio,h,1975,84376838
2025-01-05,audio,l,1695,72581730
2025-01-05,image,h,1977,1014126341
2025-01-05,image,l,1734,2882692459
2025-01-06,audio,h,2440,104210247
2025-01-06,audio,l,2136,91217851
2025-01-06,image,h,2444,1254597719
2025-01-06,image,l,2170,3018341492
2025-01-07,image,h,2632,1333529305
2025-01-07,image,l,2190,3461036614
2025-01-07,audio,h,2629,112299987
2025-01-07,audio,l,2159,92173778
2025-01-08,audio,l,2302,98346910
2025-01-08,image,h,3062,1502481061
2025-01-08,audio,h,3056,130548269
2025-01-08,image,l,2331,3736771618
2025-01-09,audio,l,2336,99730136
2025-01-09,audio,h,2866,122417233
2025-01-09,image,h,2873,1395140228
2025-01-09,image,l,2374,3672225659
2025-01-10,image,h,3362,1767935615
2025-01-10,audio,h,3361,143392936
2025-01-10,image,l,2581,4339386804
2025-01-10,audio,l,2520,107503204
2025-01-11,image,l,1888,2416611230
2025-01-11,audio,h,2139,91321934
2025-01-11,audio,l,1846,79005906
2025-01-11,image,h,2140,1208622859
2025-01-12,image,h,2377,1391042121
2025-01-12,image,l,1837,3134189039
2025-01-12,audio,h,2376,101522744
2025-01-12,audio,l,1798,76797260
2025-01-13,image,h,2731,1401463035
2025-01-13,audio,h,2727,116480064
2025-01-13,audio,l,2314,99015410
2025-01-13,image,l,2356,3751668277
2025-01-14,image,l,2349,3784302261
2025-01-14,audio,l,2318,99024053
2025-01-14,image,h,3050,1560699125
2025-01-14,audio,h,3042,129887522
2025-01-15,audio,l,2449,104690733
2025-01-15,audio,h,3151,134647916
2025-01-15,image,h,3160,1534172683
2025-01-15,image,l,2492,4010544637
2025-01-16,image,l,2486,3925751739
2025-01-16,image,h,2874,1402407397
2025-01-16,audio,h,2873,122643725
2025-01-16,audio,l,2448,104685699
2025-01-17,image,h,2980,1612681745
2025-01-17,audio,l,2525,107860943
2025-01-17,image,l,2554,4183772131
2025-01-17,audio,h,2974,127010535
2025-01-18,image,h,2653,1313728937
2025-01-18,image,l,2252,3138215221
2025-01-18,audio,l,2217,94772508
2025-01-18,audio,h,2649,113298287
2025-01-19,audio,l,1874,80150855
2025-01-19,image,l,1894,2865836720
2025-01-19,image,h,2130,1203502580
2025-01-19,audio,h,2126,90848758
2025-01-20,audio,h,1899,81110242
2025-01-20,audio,l,1059,45236230
2025-01-20,image,h,1904,962082744
2025-01-20,image,l,1071,1393335465
2025-01-21,image,l,2268,3220028454
2025-01-21,audio,l,2225,95031384
2025-01-21,audio,h,2601,111063879
2025-01-21,image,h,2607,1256628742
2025-01-22,image,h,2662,1341711087
2025-01-22,image,l,2298,3319413442
2025-01-22,audio,l,2258,96600879
2025-01-22,audio,h,2657,113493863
2025-01-23,image,l,2368,3497590159
2025-01-23,audio,h,2778,118641904
2025-01-23,audio,l,2326,99440268
2025-01-23,image,h,2780,1345599411
2025-01-24,audio,h,3037,129770671
2025-01-24,audio,l,2527,107930463
2025-01-24,image,h,3045,1552887681
2025-01-24,image,l,2578,3859257019
2025-01-25,image,h,2548,1306394012
2025-01-25,audio,h,2545,108679549
2025-01-25,audio,l,2141,91409670
2025-01-25,image,l,2184,3405048973
2025-01-26,image,l,101,147867436
2025-01-26,image,h,2185,1086791901
2025-01-26,audio,h,2183,93226797
2025-01-26,audio,l,101,4312035
2025-01-27,audio,h,2665,113805680
2025-01-27,audio,l,2285,97601126
2025-01-27,image,l,2314,3533283889
2025-01-27,image,h,2668,1349875951
2025-01-28,image,l,2352,3443063958
2025-01-28,audio,l,2328,99592295
2025-01-28,audio,h,2669,114015247
2025-01-28,image,h,2674,1338008986
2025-01-29,image,l,2468,3675024102
2025-01-29,image,h,2860,1539747224
2025-01-29,audio,h,2856,121973265
2025-01-29,audio,l,2439,104244127
2025-01-30,audio,h,2904,123997482
2025-01-30,audio,l,2494,106524719
2025-01-30,image,l,2539,4064176364
2025-01-30,image,h,2908,1621035195
2025-01-31,image,l,2090,2520362126
2025-01-31,audio,h,2507,106998997
2025-01-31,audio,l,2049,87588573
2025-01-31,image,h,2510,1280056915
2025-02-01,audio,h,2516,107479626
2025-02-01,audio,l,2210,94540560
2025-02-01,image,h,2518,1388209601
2025-02-01,image,l,2248,3770031073
2025-02-02,audio,h,1907,81505511
2025-02-02,audio,l,1701,72660171
2025-02-02,image,l,1736,2826581465
2025-02-02,image,h,1908,1022895278
2025-02-03,audio,h,2449,104578214
2025-02-03,audio,l,1224,52333009
2025-02-03,image,h,2453,1272977746
2025-02-03,image,l,1232,1476721176
2025-02-04,image,h,2833,1565018666
2025-02-04,image,l,2515,3594662451
2025-02-04,audio,l,2473,105661010
2025-02-04,audio,h,2828,120668396
2025-02-05,image,l,2543,3981422410
2025-02-05,audio,l,2494,106457639
2025-02-05,audio,h,2896,123705417
2025-02-05,image,h,2900,1629789532
2025-02-06,image,h,1261,563423671
2025-02-06,image,l,76,68468030
2025-02-06,audio,l,76,3245685
2025-02-06,audio,h,1261,53870949
2025-02-07,image,h,2969,1596198076
2025-02-07,audio,l,1480,63224955
2025-02-07,audio,h,2967,126627973
2025-02-07,image,l,1508,2050247692
2025-02-08,image,h,2418,1306135038
2025-02-08,audio,l,2123,90651288
2025-02-08,audio,h,2414,103208366
2025-02-08,image,l,2178,3157971010
2025-02-09,image,h,1252,554580681
2025-02-09,audio,h,1251,53458923
2025-02-10,image,h,2608,1278874028
2025-02-10,image,l,1719,2256647995
2025-02-10,audio,l,1687,72185275
2025-02-10,audio,h,2606,111249694
2025-02-11,image,h,2695,1222102212
2025-02-11,image,l,2414,3134265944
2025-02-11,audio,h,2691,114888227
2025-02-11,audio,l,2364,100979419
2025-02-12,image,l,1,643480
2025-02-12,audio,l,1,41204
2025-02-12,audio,h,2811,120131420
2025-02-12,image,h,2820,1284961294
2025-02-13,image,h,2471,1072947997
2025-02-13,image,l,866,1142740020
2025-02-13,audio,l,848,36222180
2025-02-13,audio,h,2465,105308170
2025-02-14,audio,h,3103,132630589
2025-02-14,audio,l,2696,115323433
2025-02-14,image,l,2759,3798224284
2025-02-14,image,h,3109,1548803980
2025-02-15,audio,l,2059,88006328
2025-02-15,audio,h,2317,99019711
2025-02-15,image,l,2112,2738364059
2025-02-15,image,h,2321,1121019581
2025-02-16,audio,h,957,40902976
2025-02-16,image,h,959,468328958
2025-02-17,image,h,2294,1159171423
2025-02-17,audio,h,2287,97619718
2025-02-18,audio,h,2794,119396493
2025-02-18,image,h,2799,1461163637
2025-02-19,audio,h,2836,121119001
2025-02-19,audio,l,4,167499
2025-02-19,image,l,4,1761346
2025-02-19,image,h,2840,1526173421
2025-02-20,audio,h,2758,117781532
2025-02-20,image,h,2762,1496019697
2025-02-21,image,h,3015,1671882341
2025-02-21,image,l,247,298076049
2025-02-21,audio,l,245,10461709
2025-02-21,audio,h,3014,128705906
2025-02-22,image,l,2230,3179656046
2025-02-22,audio,l,2174,92923830
2025-02-22,audio,h,2555,109134573
2025-02-22,image,h,2558,2325493118
2025-02-23,audio,h,2258,96445967
2025-02-23,audio,l,2000,85324735
2025-02-23,image,h,2261,1896605724
2025-02-23,image,l,2047,3165317900
2025-02-24,image,h,2758,1942322668
2025-02-24,image,l,2454,3572684322
2025-02-24,audio,l,2408,102878826
2025-02-24,audio,h,2754,117573445
2025-02-25,audio,l,2486,106224703
2025-02-25,audio,h,2899,123948832
2025-02-25,image,l,2546,3746009481
2025-02-25,image,h,2904,2109710732
2025-02-26,image,h,3049,2467480828
2025-02-26,image,l,2641,4124955349
2025-02-26,audio,h,3039,129739877
2025-02-26,audio,l,2584,110364542
2025-02-27,image,h,2794,1739835957
2025-02-27,audio,h,2790,119149313
2025-02-27,image,l,2427,3182469822
2025-02-27,audio,l,2384,101777322
2025-02-28,image,h,3049,2278794008
2025-02-28,audio,l,2730,116663117
2025-02-28,audio,h,3042,130024137
2025-02-28,image,l,2789,4666346417
2025-03-01,image,l,2062,3497509065
2025-03-01,image,h,2612,1834616354
2025-03-01,audio,h,2607,111274562
2025-03-01,audio,l,1999,85362583
2025-03-02,image,l,1854,3179165481
2025-03-02,image,h,2051,1407224203
2025-03-02,audio,h,2049,87467721
2025-03-02,audio,l,1815,77597744
2025-03-03,audio,l,401,17176995
2025-03-03,image,l,404,608163164
2025-03-03,image,h,2685,1881970893
2025-03-03,audio,h,2678,114484061
2025-03-04,audio,l,2599,110980837
2025-03-04,image,l,2671,4303843250
2025-03-04,image,h,2986,1916361529
2025-03-04,audio,h,2978,127270368
2025-03-05,audio,l,1758,75112434
2025-03-05,image,h,2769,1553678229
2025-03-05,audio,h,2766,118106210
2025-03-05,image,l,1808,2621300526
2025-03-06,audio,h,2996,128011233
2025-03-06,audio,l,2601,111042419
2025-03-06,image,l,2647,4303177552
2025-03-06,image,h,3000,2141749459
2025-03-07,audio,h,3058,130600540
2025-03-07,image,h,3060,2175025289
2025-03-07,image,l,2720,4330036424
2025-03-07,audio,l,2663,113768965
2025-03-08,audio,h,2443,104360274
2025-03-08,image,h,2448,1800597917
2025-03-08,image,l,2205,3726137645
2025-03-08,audio,l,2157,92202565
2025-03-09,audio,h,2166,92530475
2025-03-09,image,l,2001,3341397973
2025-03-09,image,h,2170,1574700664
2025-03-09,audio,l,1958,83687295
2025-03-10,audio,l,1429,61099693
2025-03-10,image,h,2949,2399998476
2025-03-10,image,l,1460,2378505575
2025-03-10,audio,h,2947,125864734
2025-03-11,image,h,3151,2488736792
2025-03-11,audio,h,3147,134313392
2025-03-12,audio,h,3053,130518823
2025-03-12,image,h,3063,2270152579
2025-03-13,audio,h,3237,138348998
2025-03-13,image,h,3245,2384755708
2025-03-14,audio,h,3392,144890788
2025-03-14,image,h,3399,2677009646
2025-03-15,image,h,2643,1590340347
2025-03-15,audio,h,2641,112737827
2025-03-16,image,h,2139,1060029064
2025-03-16,audio,h,2136,91220476
2025-03-17,audio,h,2773,118495249
2025-03-17,image,h,2775,1695121620
2025-03-18,image,h,3022,2408942518
2025-03-18,audio,h,3017,128801364
2025-03-19,image,h,3376,2661485937
2025-03-19,audio,h,3366,143707560
2025-03-20,image,h,3206,1955984527
2025-03-20,audio,h,3203,136862121
2025-03-21,image,h,3472,2342379895
2025-03-21,audio,h,3468,148133857
2025-03-22,image,h,2978,2117252505
2025-03-22,audio,h,2972,126933377
2025-03-23,audio,h,2257,96443451
2025-03-23,image,h,2260,1617553428
2025-03-24,image,h,2840,1417497277
2025-03-24,audio,h,2833,121179208
2025-03-25,audio,h,3292,140582414
2025-03-25,image,h,3296,2381838722
2025-03-26,image,h,3442,2393441568
2025-03-26,audio,h,3433,146617362
2025-03-27,image,h,3568,2640793433
2025-03-27,audio,h,3566,152324906
2025-03-28,audio,h,3568,152429960
2025-03-28,image,h,3574,2563865499
2025-03-29,image,h,3075,2176794607
2025-03-29,audio,h,3069,131035967
2025-03-30,audio,h,2238,95621572
2025-03-30,image,h,2240,884254036
2025-03-31,image,h,3095,1773394202
2025-03-31,audio,h,3089,132045439
2025-04-01,image,h,3368,2407459465
2025-04-01,audio,h,3364,143707573
2025-04-02,image,l,2444,4203781970
2025-04-02,audio,h,3516,150241991
2025-04-02,image,h,3531,2381801851
2025-04-02,audio,l,2371,101242878
2025-04-03,image,l,2869,4065574972
2025-04-03,image,h,3181,1777204900
2025-04-03,audio,l,2807,119880970
2025-04-03,audio,h,3176,135735430
2025-04-04,image,l,1471,2630881251
2025-04-04,image,h,3712,2739419087
2025-04-04,audio,h,3699,157989109
2025-04-04,audio,l,1445,61727008
2025-04-05,image,h,2641,1544711588
2025-04-05,audio,h,2633,112460398
2025-04-06,audio,h,2309,98641927
2025-04-06,image,h,2311,1575286602
2025-04-07,audio,h,2983,127471714
2025-04-07,image,h,2989,1753204307
2025-04-08,image,h,3148,1983317794
2025-04-08,audio,h,3146,134361274
2025-04-09,image,h,3486,2554214010
2025-04-09,audio,h,3475,148351529
2025-04-10,audio,l,715,30576122
2025-04-10,image,l,728,1322169134
2025-04-10,audio,h,3293,140628154
2025-04-10,image,h,3296,2154067752
2025-04-11,audio,l,243,10373982
2025-04-11,image,h,3475,2275416841
2025-04-11,image,l,247,337452238
2025-04-11,audio,h,3474,148497968
2025-04-12,image,h,2461,1330586311
2025-04-12,audio,h,2459,105092215
2025-04-13,image,l,1,1708388
2025-04-13,image,h,2335,1653646626
2025-04-13,audio,h,2332,99553222
2025-04-14,audio,h,3231,138053174
2025-04-14,image,h,3238,2544338697
2025-04-15,image,l,462,853418830
2025-04-15,audio,l,446,19042280
2025-04-15,audio,h,3024,129150312
2025-04-15,image,h,3032,2148488022
2025-04-16,audio,h,3385,144621018
2025-04-16,image,h,3390,2110362323
2025-04-17,audio,h,3525,150592797
2025-04-17,image,h,3533,2696380951
2025-04-18,audio,h,3556,151865084
2025-04-18,image,h,3563,2536391437
2025-04-19,audio,h,3774,161019689
2025-04-19,image,h,3808,2845496492
2025-04-20,audio,h,2696,115193852
2025-04-20,image,h,2700,2019182288
2025-04-21,image,h,3144,2116296162
2025-04-21,audio,h,3142,134122219
2025-04-22,audio,h,3544,151365048
2025-04-22,image,h,3551,2738399805
2025-04-23,audio,h,3743,159873639
2025-04-23,image,h,3751,3033015684
2025-04-24,image,h,3847,2982372462
2025-04-24,audio,h,3842,164373978
2025-04-25,audio,h,3919,167249489
2025-04-25,image,h,3929,2918916801
2025-04-26,audio,h,2673,114267939
2025-04-26,image,h,2676,1275137540
2025-04-27,image,h,2750,1847582519
2025-04-27,audio,h,2748,117326338
2025-04-28,image,h,3551,2982385381
2025-04-28,audio,h,3541,151186898
2025-04-29,image,l,1934,3509401864
2025-04-29,audio,h,3555,151835101
2025-04-29,image,h,3558,2730579469
2025-04-29,audio,l,1868,79926613
2025-04-30,audio,h,3749,160262400
2025-04-30,image,h,3756,2941308356
2025-04-30,audio,l,3355,143333415
2025-04-30,image,l,3435,6341393454
2025-05-01,image,l,3443,6157948943
2025-05-01,audio,l,3343,142924252
2025-05-01,audio,h,3831,163690244
2025-05-01,image,h,3833,3021651684
2025-05-02,image,h,3931,2832735481
2025-05-02,image,l,3582,6425329748
2025-05-02,audio,h,3926,167614890
2025-05-02,audio,l,3506,149516299
2025-05-03,audio,l,1270,54176462
2025-05-03,audio,h,3608,154128383
2025-05-03,image,h,3617,2764532467
2025-05-03,image,l,1284,2318468256
2025-05-04,audio,h,2646,112990117
2025-05-04,image,h,2650,1882822814
2025-05-04,image,l,2476,4519257050
2025-05-04,audio,l,2401,102518827
2025-05-05,audio,l,2844,121565005
2025-05-05,audio,h,3120,133288279
2025-05-05,image,h,3125,1867771483
2025-05-05,image,l,2901,2868155730
2025-05-06,image,h,3467,2161129581
2025-05-06,audio,l,3073,131265343
2025-05-06,audio,h,3460,147902278
2025-05-06,image,l,3135,4328996474
2025-05-07,image,l,1067,1886774960
2025-05-07,image,h,2524,1881733954
2025-05-07,audio,l,1053,45004258
2025-05-07,audio,h,2523,107806631
2025-05-08,image,h,1268,951471739
2025-05-08,audio,h,1267,54028077
2025-05-09,image,h,1319,737613982
2025-05-09,audio,h,1317,56273815
2025-05-10,image,h,1299,915224900
2025-05-10,audio,h,1298,55468095
2025-05-11,audio,h,1274,54419085
2025-05-11,image,h,1276,1006168041
2025-05-12,audio,h,1140,48675463
2025-05-12,image,h,1143,866044181
2025-05-13,audio,h,1280,54787910
2025-05-13,image,h,1283,916654545
2025-05-14,audio,h,1302,55640138
2025-05-14,image,h,1305,887738234
2025-05-15,audio,h,1329,56783662
2025-05-15,image,h,1331,928733508
2025-05-16,image,h,1380,1012467639
2025-05-16,audio,h,1379,58954820
2025-05-17,image,h,1292,899221152
2025-05-17,audio,h,1289,55074268
2025-05-18,audio,h,1330,56794504
2025-05-18,image,h,1336,917915291
2025-05-19,image,h,1175,783747295
2025-05-19,audio,h,1172,50028012
2025-05-20,audio,h,1289,55147423
2025-05-20,image,h,1291,902913425
2025-05-21,audio,h,1342,57287833
2025-05-21,image,h,1345,845125902
2025-05-22,audio,h,1119,47792915
2025-05-22,image,h,1119,643131759
2025-05-23,audio,h,1318,56230627
2025-05-23,audio,l,41,1745806
2025-05-23,image,l,41,67242286
2025-05-23,image,h,1323,877811081
2025-05-24,image,h,1226,848895355
2025-05-24,audio,h,1225,52350432
2025-05-24,image,l,22,35283358
2025-05-24,audio,l,22,941414
2025-05-25,image,h,348,240361375
2025-05-25,audio,h,346,14801984
2025-05-26,audio,h,36,1542460
2025-05-26,image,l,4,6691221
2025-05-26,image,h,36,25520950
2025-05-26,audio,l,4,172879
2025-05-27,audio,h,1399,59892857
2025-05-27,image,h,1402,1035045494
2025-05-28,audio,h,1383,59126369
2025-05-28,image,h,1386,980155903
2025-05-29,image,h,1468,1014141662
2025-05-29,audio,h,1463,62475425
2025-05-30,audio,h,2997,128013287
2025-05-30,image,l,2143,3309423876
2025-05-30,image,h,3001,2120998362
2025-05-30,audio,l,2077,88645431
2025-05-31,image,h,2867,1837805102
2025-05-31,image,l,2367,2995820773
2025-05-31,audio,h,2862,122242525
2025-05-31,audio,l,2291,97775694
2025-06-01,image,h,3318,2233280725
2025-06-01,audio,h,3309,141350758
2025-06-01,audio,l,2711,115861618
2025-06-01,image,l,2807,4247264680
2025-06-02,image,l,3054,4900885764
2025-06-02,image,h,3609,2629471618
2025-06-02,audio,l,2965,126712781
2025-06-02,audio,h,3600,153747554
2025-06-03,audio,l,955,40773638
2025-06-03,audio,h,3980,170019950
2025-06-03,image,l,963,1536130655
2025-06-03,image,h,3988,3041276372
2025-06-04,audio,h,3948,168674050
2025-06-04,image,h,3954,2909254071
2025-06-05,image,h,4181,3216399531
2025-06-05,audio,h,4170,178124123
2025-06-06,image,h,4297,3148866164
2025-06-06,audio,h,4285,183066604
2025-06-07,image,h,3212,2238203800
2025-06-07,audio,h,3208,137011666
2025-06-08,image,h,4141,2974973307
2025-06-08,audio,h,3798,162228587
2025-06-09,audio,l,336,14373730
2025-06-09,audio,h,3386,144769731
2025-06-09,image,h,3393,2265355593
2025-06-09,image,l,338,297109916
2025-06-10,audio,l,1893,80726942
2025-06-10,image,h,3364,2304646156
2025-06-10,image,l,1947,2893230176
2025-06-10,audio,h,3362,143692185
2025-06-11,audio,h,4033,172152583
2025-06-11,audio,l,931,39735213
2025-06-11,image,l,952,1479066795
2025-06-11,image,h,4041,3005291951
2025-06-12,audio,h,4243,181193692
2025-06-12,image,h,4252,3189948268
2025-06-13,audio,h,4720,201589434
2025-06-13,image,h,4733,3556523502
2025-06-14,audio,h,3325,142146518
2025-06-14,image,h,3333,2225558349
2025-06-15,audio,h,3213,137144443
2025-06-15,image,h,3222,2331931720
2025-06-16,image,h,3698,2698198112
2025-06-16,audio,h,3695,157857679
2025-06-17,image,h,3487,2064177854
2025-06-17,audio,h,3483,148800643
2025-06-18,image,h,4096,2870226158
2025-06-18,audio,h,4087,174702572
2025-06-19,audio,h,4151,177179328
2025-06-19,image,h,4164,3067813664
2025-06-20,audio,h,4608,196848801
2025-06-20,image,h,4614,3367713519
2025-06-21,image,h,4170,3216597013
2025-06-21,image,l,469,773903241
2025-06-21,audio,h,4162,177863650
2025-06-21,audio,l,456,19453916
2025-06-22,image,h,3719,2755372008
2025-06-22,audio,h,3711,158374024
2025-06-22,image,l,510,810913953
2025-06-22,audio,l,480,20563856
2025-06-23,image,h,3646,2869673610
2025-06-23,audio,h,3638,155497815
2025-06-23,audio,l,336,14402051
2025-06-23,image,l,344,548262858
2025-06-24,audio,h,3706,158412236
2025-06-24,audio,l,352,15012834
2025-06-24,image,h,3715,2868225697
2025-06-24,image,l,362,569250957
2025-06-25,image,l,290,462985001
2025-06-25,image,h,4058,3135812799
2025-06-25,audio,l,286,12235801
2025-06-25,audio,h,4051,172951078
2025-06-26,audio,h,3928,167861813
2025-06-26,audio,l,535,22879621
2025-06-26,image,l,555,727409281
2025-06-26,image,h,3936,2628740261
2025-06-27,image,l,256,342661568
2025-06-27,image,h,4459,3098150471
2025-06-27,audio,l,248,10622927
2025-06-27,audio,h,4447,190002678
2025-06-28,image,h,3583,2595410719
2025-06-28,image,l,193,290529626
2025-06-28,audio,h,3553,151739269
2025-06-28,audio,l,189,8073686
2025-06-29,image,h,3953,3041146602
2025-06-29,image,l,90,144071061
2025-06-29,audio,h,3941,168320956
2025-06-29,audio,l,87,3723135
2025-06-30,audio,h,3862,164929610
2025-06-30,audio,l,172,7345052
2025-06-30,image,l,177,255993528
2025-06-30,image,h,3866,2971045699
2025-07-01,image,h,3735,2706107163
2025-07-01,image,l,171,242182724
2025-07-01,audio,h,3728,159057909
2025-07-01,audio,l,164,7016695
2025-07-02,audio,h,4145,177074698
2025-07-02,audio,l,341,14571892
2025-07-02,image,l,351,517465145
2025-07-02,image,h,4160,3159896971
2025-07-03,audio,l,169,7205343
2025-07-03,audio,h,4280,182862553
2025-07-03,image,h,4289,3169174361
2025-07-03,image,l,172,257288779
2025-07-04,audio,h,4116,175725381
2025-07-04,audio,l,284,12146486
2025-07-04,image,l,295,472431999
2025-07-04,image,h,4131,3064302974
2025-07-05,audio,h,3979,170040719
2025-07-05,audio,l,136,5793114
2025-07-05,image,h,3992,3026182496
2025-07-05,image,l,139,213070312
2025-07-06,audio,l,153,6528593
2025-07-06,audio,h,4097,174968019
2025-07-06,image,l,160,251685729
2025-07-06,image,h,4109,3055862380
2025-07-07,audio,l,172,7344978
2025-07-07,audio,h,3641,155471727
2025-07-07,image,l,177,245906890
2025-07-07,image,h,3647,2626678221
2025-07-08,audio,h,3886,165994285
2025-07-08,audio,l,242,10320602
2025-07-08,image,h,3890,2983942012
2025-07-08,image,l,245,363316197
2025-07-09,audio,l,268,11426882
2025-07-09,audio,h,4027,172116582
2025-07-09,image,h,4030,3110397766
2025-07-09,image,l,277,422726256
2025-07-10,audio,h,3887,165944219
2025-07-10,image,h,3898,2895398516
2025-07-10,image,l,201,266915227
2025-07-10,audio,l,194,8290392
2025-07-11,audio,l,213,9084081
2025-07-11,image,h,4444,3290597634
2025-07-11,image,l,215,303367210
2025-07-11,audio,h,4428,189215284
2025-07-12,image,l,112,160837290
2025-07-12,audio,l,109,4655137
2025-07-12,audio,h,3832,163650303
2025-07-12,image,h,3836,2858867329
2025-07-13,image,l,154,225053571
2025-07-13,audio,l,154,6591252
2025-07-13,audio,h,3642,155469344
2025-07-13,image,h,3650,2731863282
2025-07-14,audio,h,3389,144817091
2025-07-14,audio,l,166,7100454
2025-07-14,image,h,3393,2447873967
2025-07-14,image,l,170,231224227
2025-07-15,audio,h,3814,162919962
2025-07-15,audio,l,242,10322013
2025-07-15,image,l,248,351620849
2025-07-15,image,h,3818,2939408705
2025-07-16,image,h,4038,3084701727
2025-07-16,audio,l,353,15118643
2025-07-16,audio,h,4032,172061913
2025-07-16,image,l,363,525578272
2025-07-17,image,l,287,398850238
2025-07-17,audio,h,4046,172893852
2025-07-17,audio,l,276,11796813
2025-07-17,image,h,4050,2760019621
2025-07-18,image,h,4535,3080143474
2025-07-18,image,l,371,523120772
2025-07-18,audio,h,4522,193131851
2025-07-18,audio,l,360,15368123
2025-07-19,audio,l,212,9056281
2025-07-19,image,h,4464,3054108195
2025-07-19,audio,h,4448,189978498
2025-07-19,image,l,217,315341243
2025-07-20,audio,h,3724,158924418
2025-07-20,image,l,180,266471596
2025-07-20,audio,l,177,7563116
2025-07-20,image,h,3737,2592280852
2025-07-21,image,h,3820,2685985934
2025-07-21,image,l,305,431627833
2025-07-21,audio,l,298,12738178
2025-07-21,audio,h,3816,162991760
2025-07-22,image,h,3884,2695020373
2025-07-22,audio,l,218,9306193
2025-07-22,audio,h,3874,165519897
2025-07-22,image,l,223,299608828
2025-07-23,image,l,216,294940415
2025-07-23,audio,l,210,8985975
2025-07-23,image,h,4113,2830079010
2025-07-23,audio,h,4107,175511628
2025-07-24,audio,l,107,4564705
2025-07-24,audio,h,4263,182129339
2025-07-24,image,h,4272,2880911129
2025-07-24,image,l,110,144822485
2025-07-25,audio,h,4332,185131072
2025-07-25,image,h,4341,3063673379
2025-07-26,audio,h,4259,181836964
2025-07-26,image,h,4264,2976188172
2025-07-27,image,h,2784,1848191055
2025-07-27,audio,h,2776,118641059
2025-07-28,audio,h,3495,149294307
2025-07-28,image,h,3502,2522843171
2025-07-29,image,h,3833,2695413114
2025-07-29,audio,h,3824,163289298
2025-07-30,image,h,3826,2598666603
2025-07-30,audio,h,3819,163081049
2025-07-31,image,h,3545,2071303919
2025-07-31,audio,h,3535,151027787
2025-08-01,image,h,4214,2758332198
2025-08-01,audio,h,4210,179823936
2025-08-02,image,h,4200,2943818161
2025-08-02,audio,h,4189,179008583
2025-08-03,image,h,4128,2909061584
2025-08-03,audio,h,4116,175943730
2025-08-04,image,h,3605,2539540268
2025-08-04,audio,h,3595,153604354
2025-08-05,image,h,3573,2394433438
2025-08-05,image,l,27,37402201
2025-08-05,audio,h,3564,152026720
2025-08-05,audio,l,27,1152819
2025-08-06,audio,l,254,10825803
2025-08-06,image,l,258,342459285
2025-08-06,image,h,3584,2378069334
2025-08-06,audio,h,3577,152864051
2025-08-07,audio,h,3871,165405883
2025-08-07,audio,l,204,8711913
2025-08-07,image,l,217,303384644
2025-08-07,image,h,3875,2595720250
2025-08-08,audio,l,246,10507038
2025-08-08,audio,h,4281,182889307
2025-08-08,image,l,252,376670401
2025-08-08,image,h,4290,2961877059
2025-08-09,audio,l,146,6221317
2025-08-09,audio,h,3655,156185541
2025-08-09,image,l,149,227797567
2025-08-09,image,h,3662,2582648754
2025-08-10,audio,h,3756,160447048
2025-08-10,audio,l,128,5467557
2025-08-10,image,l,129,201084919
2025-08-10,image,h,3768,2643200078
2025-08-11,image,h,3360,2329786597
2025-08-11,image,l,227,336449814
2025-08-11,audio,h,3354,143230455
2025-08-11,audio,l,224,9562872
2025-08-12,image,l,253,375202379
2025-08-12,image,h,3558,2445846152
2025-08-12,audio,l,247,10545477
2025-08-12,audio,h,3555,151753847
2025-08-13,image,l,233,325953852
2025-08-13,image,h,3582,2270069992
2025-08-13,audio,h,3577,152731165
2025-08-13,audio,l,220,9369798
2025-08-14,image,h,3995,2821058524
2025-08-14,audio,h,3988,170407466
2025-08-15,image,h,4116,2903085419
2025-08-15,audio,h,4110,175535478
2025-08-16,audio,h,3803,162418985
2025-08-16,image,h,3816,2545227940
2025-08-17,audio,h,3485,148885799
2025-08-17,image,h,3494,2422382418
2025-08-18,image,h,3436,2268962442
2025-08-18,audio,h,3434,146534832
2025-08-19,image,h,3733,2486427197
2025-08-19,audio,h,3728,159313857
2025-08-20,image,h,3517,1971186738
2025-08-20,audio,h,3507,149802488
2025-08-21,image,h,3816,2388391833
2025-08-21,audio,h,3810,162795905
2025-08-22,audio,h,4441,189767536
2025-08-22,image,h,4450,3117822348
2025-08-23,audio,h,3493,149126793
2025-08-23,image,h,3503,2363438534
2025-09-10,audio,l,2041,87213093
2025-09-10,image,l,2114,3530883390
2025-09-10,image,h,2619,1651570614
2025-09-10,audio,h,2604,111319300
2025-09-11,audio,h,3387,144701827
2025-09-11,image,l,2630,4658929557
2025-09-11,image,h,3402,2288295941
2025-09-11,audio,l,2559,109343928
2025-09-12,image,l,2432,4202210887
2025-09-12,audio,l,2363,100989716
2025-09-12,image,h,3740,2194132076
2025-09-12,audio,h,3726,159167274
2025-09-13,audio,l,1923,82018892
2025-09-13,audio,h,3424,146153776
2025-09-13,image,l,1978,3375790558
2025-09-13,image,h,3434,1840102834
2025-09-14,image,l,752,1357583125
2025-09-14,image,h,3677,2187909233
2025-09-14,audio,h,3657,156064203
2025-09-14,audio,l,740,31623514
2025-09-15,audio,h,3199,136747754
2025-09-15,image,h,3213,1895589256
2025-09-16,image,h,3322,1802587007
2025-09-16,audio,h,3301,140995346
2025-09-17,image,h,3397,1885444893
2025-09-17,audio,h,3379,144371207
2025-09-18,audio,h,3617,154456545
2025-09-18,image,h,3636,2202173401
2025-09-19,audio,h,3455,147712625
2025-09-19,image,h,3462,2062651317
2025-09-20,audio,h,3988,170219078
2025-09-20,image,h,4005,2375634223
2025-09-21,audio,h,3254,138887685
2025-09-21,image,h,3269,1859452906
2025-09-21,image,l,3,5306551
2025-09-22,image,h,2501,1339698937
2025-09-22,audio,h,2496,106604688
2025-09-23,image,h,3532,1924797127
2025-09-23,audio,h,3516,150141851
2025-09-24,audio,h,3384,144443309
2025-09-24,image,h,3396,1820386268
2025-09-25,image,l,1210,1772117656
2025-09-25,image,h,3203,1595607937
2025-09-25,audio,l,1169,49958538
2025-09-25,audio,h,3198,136639791
2025-09-26,audio,h,4065,173674171
2025-09-26,audio,l,3420,146230698
2025-09-26,image,l,3474,6288185552
2025-09-26,image,h,4077,2421994886
2025-09-27,audio,h,4116,175839593
2025-09-27,audio,l,3381,144563075
2025-09-27,image,h,4135,2386562243
2025-09-27,image,l,3455,6370780828
2025-09-28,image,l,2940,5597781393
2025-09-28,audio,h,3894,166279046
2025-09-28,audio,l,2869,122461444
2025-09-28,image,h,3914,2307711433
2025-09-29,image,h,3480,1951019120
2025-09-29,image,l,2998,5570669463
2025-09-29,audio,h,3469,148107450
2025-09-29,audio,l,2936,125397407
2025-09-30,audio,h,3642,155578991
2025-09-30,image,h,3657,2091198677
2025-09-30,image,l,3344,6051216980
2025-09-30,audio,l,3273,139591399
2025-10-01,image,h,3749,2135997549
2025-10-01,image,l,3015,5330541426
2025-10-01,audio,l,2927,124995965
2025-10-01,audio,h,3731,159362551
2025-10-02,audio,h,3736,159609300
2025-10-02,image,h,3756,2113674227
2025-10-02,image,l,3078,5515547976
2025-10-02,audio,l,2995,127826289
2025-10-03,image,l,3444,6297908480
2025-10-03,image,h,4100,2365430803
2025-10-03,audio,h,4076,174000091
2025-10-03,audio,l,3371,143850966
2025-10-04,audio,h,3996,170712487
2025-10-04,audio,l,3258,139118984
2025-10-04,image,l,3357,6527229603
2025-10-04,image,h,4012,2397864434
2025-10-05,image,l,2946,5674892977
2025-10-05,image,h,3529,2100027056
2025-10-05,audio,l,2854,121858652
2025-10-05,audio,h,3518,150315664
2025-10-06,image,l,2866,5211407339
2025-10-06,image,h,3453,1979789551
2025-10-06,audio,l,2784,118904683
2025-10-06,audio,h,3440,146993313
2025-10-07,image,h,3652,1954340565
2025-10-07,audio,h,3638,155427120
2025-10-08,audio,l,3276,139819116
2025-10-08,image,h,3285,1829507450
2025-10-08,audio,h,3272,139669141
2025-10-08,image,l,3381,5883011903
2025-10-09,audio,h,3739,159767472
2025-10-09,image,h,3752,2095363533
2025-10-09,image,l,3199,5911229652
2025-10-09,audio,l,3124,133445080
2025-10-10,audio,l,1640,70174966
2025-10-10,audio,h,4229,180710179
2025-10-10,image,l,1710,3144408759
2025-10-10,image,h,4242,2311071630
2025-10-11,image,l,4393,7865360401
2025-10-11,audio,h,4994,213374156
2025-10-11,audio,l,4248,181488748
2025-10-11,image,h,5025,2675665653
2025-10-12,image,l,2306,3598011342
2025-10-12,audio,h,2677,114387748
2025-10-12,audio,l,2227,95200953
2025-10-12,image,h,2688,1364996318
2025-10-13,image,h,3085,1745503440
2025-10-13,audio,l,2419,103388743
2025-10-13,image,l,2484,2090950158
2025-10-13,audio,h,3078,131448930
2025-10-14,audio,l,2862,122152862
2025-10-14,audio,h,3265,139498409
2025-10-14,image,h,3272,1789351950
2025-10-14,image,l,2931,5039545772
2025-10-15,audio,h,3618,154523662
2025-10-15,image,h,3632,1960406298
2025-10-15,image,l,3299,5653458797
2025-10-15,audio,l,3222,137654641
2025-10-16,audio,l,2776,118530397
2025-10-16,image,h,3601,1986605166
2025-10-16,audio,h,3588,153300544
2025-10-16,image,l,2840,4981151559
2025-10-17,image,h,4042,2269834884
2025-10-17,audio,h,4027,171984608
2025-10-17,image,l,3428,6328288077
2025-10-17,audio,l,3346,143007160
2025-10-18,image,l,3603,6958344660
2025-10-18,image,h,4190,2344127171
2025-10-18,audio,h,4039,172619750
2025-10-18,audio,l,3458,147703587
2025-10-19,image,l,2967,5218638471
2025-10-19,audio,l,2869,122681368
2025-10-19,image,h,3446,1825837108
2025-10-19,audio,h,3411,145652248
2025-10-20,audio,h,2921,124772202
2025-10-20,image,l,2338,3939804896
2025-10-20,image,h,2936,1584130820
2025-10-20,audio,l,2272,97023354
2025-10-21,audio,h,3664,156532470
2025-10-21,image,h,3678,2085384889
2025-10-21,audio,l,2897,123670222
2025-10-21,image,l,3000,5562611555
2025-10-22,audio,h,1075,45922113
2025-10-22,image,l,17,26894574
2025-10-22,image,h,1080,575167448
2025-10-22,audio,l,17,727352
2025-10-23,audio,h,1234,52729343
2025-10-23,image,l,3,4954162
2025-10-23,audio,l,3,128987
2025-10-23,image,h,1241,654429853
2025-10-24,image,l,16,24273851
2025-10-24,image,h,1374,753646660
2025-10-24,audio,h,1364,58276916
2025-10-24,audio,l,16,688827
2025-10-25,image,h,1282,720351068
2025-10-25,image,l,6,9573689
2025-10-25,audio,h,1274,54396268
2025-10-25,audio,l,6,252596
2025-10-26,image,h,1153,661729531
2025-10-26,audio,h,1145,48970740
2025-10-27,image,l,29,45545090
2025-10-27,image,h,1112,625069318
2025-10-27,audio,h,1110,47355315
2025-10-27,audio,l,29,1235226
2025-10-28,image,l,93,155136795
2025-10-28,audio,h,892,38119130
2025-10-28,image,h,894,480918091
2025-10-28,audio,l,92,3917069
2025-10-29,image,h,1102,579349030
2025-10-29,audio,h,1102,47077035
2025-10-29,audio,l,33,1410781
2025-10-29,image,l,33,55927691
2025-10-30,audio,h,558,23857007
2025-10-30,audio,l,215,9189426
2025-10-30,image,h,558,294862461
2025-10-30,image,l,220,191995469
2025-10-31,audio,h,2622,111928323
2025-10-31,image,h,2630,1326668261
2025-10-31,image,l,2285,3763285452
2025-10-31,audio,l,2202,93981673
2025-11-01,audio,h,2881,123083579
2025-11-01,image,h,2889,1507722791
2025-11-01,image,l,2621,4718542918
2025-11-01,audio,l,2518,107565027
2025-11-02,image,h,2777,1560870703
2025-11-02,image,l,2329,4624274897
2025-11-02,audio,h,2768,118215509
2025-11-02,audio,l,2238,95572613
2025-11-03,audio,l,2482,106019156
2025-11-03,audio,h,2774,118554664
2025-11-03,image,h,2787,1430016828
2025-11-03,image,l,2541,4428667725
2025-11-04,audio,l,2517,107556780
2025-11-04,audio,h,3052,130373310
2025-11-04,image,h,3060,1594992803
2025-11-04,image,l,2574,4576670752
2025-11-05,audio,l,2645,113020811
2025-11-05,audio,h,2992,127889452
2025-11-05,image,h,3000,1516303554
2025-11-05,image,l,2720,4736155873
2025-11-06,image,h,3190,1642033983
2025-11-06,image,l,2725,4771318340
2025-11-06,audio,h,3173,135436940
2025-11-06,audio,l,2654,113346706
2025-11-07,image,l,2877,4938088352
2025-11-07,audio,l,2798,119562710
2025-11-07,image,h,3318,1656345668
2025-11-07,audio,h,3309,141418419
2025-11-08,image,l,1989,3724176090
2025-11-08,image,h,2982,1631948620
2025-11-08,audio,l,1947,83208506
2025-11-08,audio,h,2975,126988425
2025-11-09,image,l,1862,3174560836
2025-11-09,audio,h,2110,90048034
2025-11-09,audio,l,1808,77255161
2025-11-09,image,h,2114,1140893378
2025-11-10,image,h,2562,1420070783
2025-11-10,audio,h,2556,109212093
2025-11-10,image,l,1937,2979524755
2025-11-10,audio,l,1905,81313536
2025-11-12,image,l,1519,2518138502
2025-11-12,image,h,1771,866014939
2025-11-13,image,h,2869,1437350116
2025-11-13,image,l,2566,4275382508
2025-11-14,image,h,2974,1502525450
2025-11-14,image,l,2442,4287368924
2025-11-15,image,h,2684,1387728593
2025-11-15,image,l,2228,3981927824
2025-11-16,image,l,1753,3005429524
2025-11-16,image,h,2115,1062731273
2025-11-17,image,l,2441,3943200999
2025-11-17,image,h,2778,1356782313
2025-11-18,image,h,2856,1411316870
2025-11-18,image,l,2330,4046103037
2025-11-19,image,l,2577,4519423952
2025-11-19,image,h,2977,1529202265
2025-11-20,image,l,2642,4569505368
2025-11-20,image,h,2929,1495565534
2025-11-21,image,l,2591,4415299618
2025-11-21,image,h,3022,1467288467
2025-11-22,image,l,1950,3347265237
2025-11-22,image,h,2352,1176214803
2025-11-23,image,h,1945,996151285
2025-11-23,image,l,1868,3200141044
2025-11-24,image,h,2695,1387172764
2025-11-24,image,l,2566,4388759189
2025-11-25,image,h,3071,1556446589
2025-11-25,image,l,2694,4497207571
2025-11-26,image,l,2702,4512846267
2025-11-26,image,h,2860,1487811021
2025-11-27,image,h,1739,846662250
2025-11-27,image,l,1681,2833660869
2025-11-28,image,l,2125,3247182026
2025-11-28,audio,l,79,3388120
2025-11-28,audio,h,141,6027410
2025-11-28,image,h,2238,1033643321
2025-11-29,audio,l,2382,101764339
2025-11-29,audio,h,2521,107694587
2025-11-29,image,h,2535,1247770703
2025-11-29,image,l,2446,4123843917
2025-11-30,audio,h,1455,62124079
2025-11-30,image,h,1456,664617802
2025-11-30,audio,l,1633,69745888
2025-11-30,image,l,1670,2648036296
2025-12-01,image,h,2808,1385402441
2025-12-01,image,l,2688,4388616097
2025-12-01,audio,h,2791,119094890
2025-12-01,audio,l,2622,112029496
2025-12-02,audio,l,697,29798036
2025-12-02,audio,h,1652,70601398
2025-12-02,image,l,706,1046445364
2025-12-02,image,h,1659,717364308
2025-12-03,audio,h,2862,122299961
2025-12-03,image,l,2274,3163248528
2025-12-03,image,h,2869,1469612524
2025-12-03,audio,l,2236,95564493
2025-12-04,audio,h,2791,119303548
2025-12-04,image,l,2687,3643518638
2025-12-04,image,h,2800,1261127458
2025-12-04,audio,l,2616,111728656
2025-12-05,audio,l,2638,112724424
2025-12-05,audio,h,2798,119579015
2025-12-05,image,h,2806,1352772969
2025-12-05,image,l,2691,3807271079
2025-12-06,image,l,2688,3693829019
2025-12-06,audio,l,2619,111784513
2025-12-06,image,h,2795,1396685040
2025-12-06,audio,h,2789,119188272
2025-12-07,image,h,2016,970885746
2025-12-07,audio,h,2010,85880522
2025-12-07,audio,l,1893,80888988
2025-12-07,image,l,1939,2832279101
2025-12-08,image,l,2477,3551468285
2025-12-08,image,h,2600,1223927605
2025-12-08,audio,h,2589,110465528
2025-12-08,audio,l,2427,103774445
2025-12-09,image,l,2511,3615240728
2025-12-09,image,h,2649,1289088800
2025-12-09,audio,l,2459,105025778
2025-12-09,audio,h,2645,113017505
2025-12-10,image,h,2540,1106895958
2025-12-10,image,l,2531,3552242572
2025-12-10,audio,h,2527,107886231
2025-12-10,audio,l,2467,105351050
