date,n_images,blur_mean,brightness_mean,contrast_mean,file_size_mean
2021-11-14,1,10602.953125,117.01846313476562,71.55786895751953,85466.0
2023-10-14,22,5160.7219127308235,111.76956003362483,57.295935890891336,95305.90909090909
2023-10-20,3,10487.797526041666,109.60933685302734,66.98942057291667,100122.0
2023-10-21,1557,2016.0945849703455,113.28707250694319,52.7813657835346,76369.47527296082
2023-10-22,1942,6022.289226685199,112.79259731398797,55.77488446260211,89066.00154479918
2023-10-23,3114,5457.79654649993,105.30907235118006,59.056258163011144,90469.98426461143
2023-10-24,3421,4548.202969245275,111.36210350654376,54.51180936829523,86141.3428821982
2023-10-25,5401,9359.336316797164,112.96099962426256,59.38446770074566,96600.49324199223
2023-10-26,5710,11627.377765202564,112.0933367373438,62.21669882859533,101085.36549912434
2023-10-27,7348,7301.8742886929,111.0321235620398,60.35827094468982,94954.49836690255
2023-10-28,7490,7813.780917998086,109.91138968779661,61.07779855817278,98424.02536715621
2023-10-29,390,6187.351502403846,113.16004312955417,51.00143121572641,86915.3641025641
2023-10-30,429,3981.9730719719732,115.18660019383286,49.61049853060351,83709.28438228439
2023-11-08,2916,4624.783662772473,111.12185053962739,52.96453413289597,86402.48971193416
2023-11-09,2391,4619.3327240539065,113.9320391356222,50.184061282551575,84160.76578837307
2023-11-10,2789,5103.037473966503,115.41913607198306,49.90334130496097,86100.1595553962
2023-11-13,2,5881.8203125,103.75453186035156,61.70518493652344,89396.0
2023-11-14,94,5870.4576312126,111.95289692980178,51.848850006752826,92613.23404255319
2023-12-14,17,2816.7959846047793,67.93031322254853,49.03232664220474,53153.05882352941
2023-12-15,4333,13048.582704200278,109.47377370538982,64.43718351746662,102500.18924532656
2023-12-16,4789,13563.081825343968,110.583938092821,63.363562725112544,103756.32344957194
2023-12-17,2664,5066.305736873959,120.3428775798809,48.642331759134926,77971.31156156157
2023-12-18,2965,4904.25258064463,117.13299170714406,51.32607096821623,77603.05969645869
2023-12-19,2091,13042.288756506914,110.48318974017413,65.43707596383443,103940.90913438547
2023-12-20,185,17218.525469805743,107.59830920245196,73.76462721953521,109697.14054054054
2023-12-21,218,17860.891494051033,108.49949761486928,73.95046515858502,111881.31651376147
2024-01-12,5633,11332.583083832855,108.64215914758255,61.893505309078,101020.48819456772
2024-01-13,3417,7799.949252438119,110.94141890648899,56.44012507716919,90896.07462686567
2024-01-14,3603,9317.585533936157,113.39092872422701,59.38886833190918,94553.87926727727
2024-01-15,4588,10544.94572396848,111.9903978607191,60.17019577325689,97890.92088055798
2024-01-16,2010,3323.722533238349,111.50785627602345,51.97173611085806,72048.25870646766
2024-01-17,4938,7200.559806950423,107.97105244558898,60.61269452360392,92729.58485216687
2024-01-18,5335,7277.10693913096,112.01220405099542,57.77842179560282,91269.27291471415
2024-01-19,3486,4488.730479903011,110.24465752413953,58.024403572629666,76783.83017785428
2024-01-20,3534,4602.655428339684,112.16705389190139,53.564651959348545,77547.42161856254
2024-01-21,1033,6120.504018098549,106.00089224402694,60.94580686704002,85335.20522749274
2024-01-22,5129,7243.664125260658,108.08869370170261,59.77197190654931,93137.55000974849
2024-01-23,4983,8141.846241454343,111.08131346376263,58.6422616597665,94310.72145294
2024-01-24,4398,2095.7513737351096,115.6461187842327,44.217295896470304,62793.97157798999
2024-01-25,2938,8013.551423178635,115.61338175909303,54.790081055331505,90121.52110279101
2024-01-26,3247,3566.507938310995,115.33847900240245,48.58497661629346,77686.15706806282
2024-01-27,4746,10545.577646646929,114.7713816787842,59.719954097215705,100173.86009270966
2024-01-28,1767,3041.6787485188524,112.57736780957846,50.53844379042931,70662.89530277306
2024-01-29,4210,4958.344928587418,107.33748371550136,56.92389277460456,78564.32375296913
2024-01-30,4922,5902.303453776372,107.43466231862688,57.7081751414597,85343.81105241772
2024-01-31,5354,5864.258204657149,107.04452586610414,59.118323292267334,83464.00784460217
2024-02-01,5356,6352.330027300355,107.12744006583546,60.09039100806512,85983.43278566095
2024-02-02,5397,8229.298456983299,110.69020063461409,58.65018766713138,93731.11376690754
2024-02-03,4852,9603.229745309804,107.97629252211279,60.8389818949436,103674.98083264632
2024-02-04,3944,10627.271351317122,106.9100090707775,61.55439121969815,104976.8154158215
2024-02-05,4535,10143.62158963541,107.4824611121265,61.13858593033325,101467.18831312018
2024-02-06,5518,10942.021523575542,108.26607823968149,61.85235863450905,103017.2093149692
2024-02-07,5663,11117.923679390204,110.20042545669558,61.02938551703212,103110.5774324563
2024-02-08,4356,11071.149206884855,109.56625925542238,61.99456311410671,101518.88246097337
2024-02-09,5908,9985.819629398002,113.62910259908006,57.74755080551736,99055.54180771834
2024-02-10,5184,10400.263588422611,114.29547166824341,58.90614401668678,98531.71141975309
2024-02-11,3898,10064.876028093207,115.50091466614991,58.065277302185656,99328.20548999487
2024-02-12,5656,9998.65002562268,114.37978939760524,58.225135898657534,98494.41955445544
2024-02-13,802,2395.1337203408716,107.37414559342915,52.07458267307044,66024.16957605985
2024-02-14,3851,5243.084864320956,104.38190831075671,57.72789714776581,87908.26954037913
2024-02-15,3014,7615.998352860804,106.99804003284558,61.41981428636173,89491.94392833444
2024-02-16,5579,7283.061860241286,105.94055746652508,61.38391922579634,91446.46352392902
2024-02-17,3826,5527.446708731046,107.73213534796356,59.05490431159937,79775.03711447987
2024-02-18,4025,6769.7506455017465,107.96064917902028,61.079634152998835,92751.59602484472
2024-02-19,4979,7670.9157776136335,104.12724984393682,62.36851347926918,96160.27595902792
2024-02-20,4621,8016.68735262275,102.89333611880255,61.690561745698716,97021.78511144774
2024-02-21,5835,8239.30029007128,105.04812109129186,61.13931804679864,96089.3557840617
2024-02-22,5551,8391.247967048801,108.3247986004774,58.920661539370855,93699.67681498828
2024-02-23,5630,8928.782204750292,109.4965310193294,58.81934701299583,95514.26252220248
2024-02-24,2031,11901.020390490368,108.43192527917499,62.25703074250064,106556.51895617922
2024-04-01,1,7836.8251953125,130.33740234375,65.26283264160156,91133.0
2024-04-03,1947,3128.5579395735026,119.09064735996459,51.520013761202,73551.32408834103
2024-04-04,2528,8490.917290071899,110.72826949554154,59.61261175101316,93420.72626582278
2024-04-05,4798,10239.209194881412,115.78330349653848,60.80051755487745,98744.76511046269
2024-04-06,5691,10168.225705798492,114.70498220456797,60.60043554016124,98703.2700755579
2024-04-07,4642,10784.084261439371,113.69004486820299,61.353288220722376,101478.21800947867
2024-04-08,6185,12070.099749543691,111.75683057965438,63.150197903533666,103088.6761519806
2024-04-09,7006,12274.765719157574,111.32963732491552,63.466867213313186,104667.8294319155
2024-04-10,6730,10349.496676313789,114.53758202619397,61.227283855285194,98519.69895988113
2024-04-11,5893,3538.4932503175114,120.51416703604,47.04862789255683,72581.25776344816
2024-04-12,6272,4094.6943421266515,119.97275822624869,51.11435038185849,74902.7884247449
2024-04-13,5811,7793.344110266023,115.774973045957,60.81147661604624,94665.05833763552
2024-04-14,4995,7929.976733887208,114.73699280335022,61.21445647765685,94988.798998999
2024-04-15,6424,9606.669029112325,112.28189423936391,63.06735211736981,103073.20641344956
2024-04-16,5646,8903.597070308177,111.23141048565175,63.910903123267104,102483.07598299682
2024-04-17,6415,9342.536640731561,113.96839490312203,62.34319148491066,97186.61745908028
2024-04-18,5105,5669.624318319203,118.66198434708284,55.09746728013475,85416.59608227228
2024-04-21,347,9548.427364997973,116.4350471166781,59.81457420590975,96239.24495677234
2024-04-22,6352,10300.873444064739,110.59852834012106,64.45349630420695,104525.51542821158
2024-04-23,6840,10115.56027028937,111.09859480495341,63.806017076481155,103811.4004385965
2024-04-24,5077,9094.958994425304,114.05074093758367,60.20091052052541,97898.01004530235
2024-04-25,7072,10363.730019168077,110.74052464476537,64.46630779974062,105141.80076357466
2024-04-26,7490,10151.51575645783,111.20849387979953,64.50500494138262,104998.77503337784
2024-04-27,7495,9884.335884274413,114.8748170197368,62.67567643209487,99409.34089392929
2024-04-28,6167,10243.031500593506,116.05183534357755,61.940077832863594,100679.60839954598
2024-04-29,4932,8594.668114877966,113.25923875745292,60.278283075887984,96062.47850770479
2024-04-30,5603,8037.671114516986,116.91201066809128,58.30635747683169,93184.11511690167
2024-05-01,6904,10175.280954124477,113.99465375040525,61.961790059974824,101199.61906141367
2024-05-02,5808,8887.391794378107,113.89119912376088,59.49478111516674,98539.57179752066
2024-05-03,6880,8859.799378293059,114.80189973254537,60.35392704675364,96962.1265988372
2024-05-04,7194,10154.348926941886,112.28764531504356,63.42757208386427,102622.9930497637
2024-05-05,4640,5420.80292500463,118.41511411831297,57.53909600849809,83105.98534482758
2024-05-06,6420,10572.633929576457,114.3465513461104,61.36917817065277,100593.97429906542
2024-05-07,7356,11368.683675727616,107.39383889333654,67.23222226562417,106769.48300706907
2024-05-08,5368,7739.359514557658,113.72523082244237,59.01771907337376,94718.89064828613
2024-05-09,3598,4895.381817481066,114.9927109108162,54.453919238418656,86594.65842134519
2024-05-10,3823,3973.5479379025796,116.68500402052926,53.341169067430705,82615.3149359142
2024-05-11,4030,4938.274824315679,112.77555438247568,56.55171996085875,88391.75905707196
2024-05-12,5805,9069.052482748237,114.00522634685296,61.56124067479018,99255.9968992248
2024-05-13,5935,9723.515745322044,110.64865586779754,64.03728711353999,100444.96276326875
2024-05-14,5768,7863.757030111411,112.81880516814127,60.10225348267575,96342.29594313454
2024-05-15,89,3220.057934021682,116.01498550243592,52.5013432877787,79771.79775280898
2024-05-19,3187,7026.025981557156,111.51847537962067,59.67412611186635,96569.09068089112
2024-05-20,4325,5933.376775368046,110.27780230395366,59.93994225739055,92184.71283236994
2024-05-21,4225,5261.406206545858,110.28612425042327,59.538306678907404,89474.58579881657
2024-05-22,1127,6371.261991268994,104.45935803932116,53.914468655251994,96938.3868677906
2024-05-23,4400,5521.817203008478,113.59645331469449,57.91928178613836,90688.77727272727
2024-05-24,4428,5533.151398725087,105.51450070671488,62.11441735351204,90550.22448057814
2024-05-25,4280,5145.627291100048,107.22547687280958,61.66773403114247,88350.46448598131
2024-05-26,3826,5147.091387527873,108.5986299091026,62.19405771585515,88159.46262415055
2024-05-27,2305,3544.3747781021216,116.56600763151289,56.00747066671574,79972.8442516269
2024-05-28,1765,4465.619479102116,110.79419148474847,62.81738006764701,85522.76657223796
2024-05-31,3357,5080.34261125889,104.33437555817078,66.3769809028596,87257.68126303247
2024-06-01,4330,5360.069340617332,103.4610430006067,65.92720252955483,88242.13810623556
2024-06-02,3820,5177.249854729937,108.8497219724805,63.10263093578878,87735.66544502618
2024-06-03,3658,5404.820361221338,107.2770101548284,63.12220058889582,88524.32777474029
2024-06-04,3834,5242.478943698905,108.70380689952295,60.82554670740803,88440.7498695879
2024-06-05,4046,4730.742426752985,110.56218788874838,62.14917160577251,84970.94735541275
2024-06-06,3693,4323.496273996254,113.704685536562,59.679552669612946,83634.87760628216
2024-06-07,4392,4561.432187217615,109.87158886504737,63.48855515863943,85049.20469034609
2024-06-08,4494,4843.048485410017,107.10055254064882,62.11959128471072,86726.16154873164
2024-06-09,90,3489.505197482639,113.79931106567383,60.01797290378147,79266.46666666666
2024-06-17,2761,4721.007442884711,105.86072152596114,65.56008228466416,85701.05650126765
2024-06-18,3679,5160.333253811222,107.37436323277359,62.329501440033184,88408.68034792063
2024-06-19,3962,5024.434615603605,109.10412993760858,63.37093591762275,87631.36042402827
2024-06-20,3942,5267.7459785542715,107.97841281010257,62.77273633115973,89197.70852359208
2024-06-21,4029,4663.760934942856,110.74746865248615,61.78593671301157,86190.31695209729
2024-06-22,2736,4512.883527476885,110.0164078411303,64.9808544220283,85216.5
2024-06-26,4531,5370.705280291327,109.09269058507053,62.1967568844787,90269.05363054514
2024-06-27,4218,5028.95064759198,104.54914910762781,64.15716050981402,88484.24205784732
2024-06-28,6485,7687.081094235646,99.28926479248423,67.31475569314009,97360.53723978411
2024-06-29,2354,5639.501766078433,111.11153465018195,60.99370262839577,94543.13466440102
2024-06-30,665,4024.0581873384635,112.69800490759368,62.34780877479037,81367.68872180452
2024-07-10,58,4864.078369140625,107.0373685113315,55.33411065463362,89471.6551724138
2024-07-11,3779,4708.797471816908,105.61918298540118,65.32355589108292,86709.0227573432
2024-07-12,3940,4700.44410499534,108.51788136051391,63.372019645768376,87144.1807106599
2024-07-13,3309,4879.155388756871,106.41301235499861,65.36824863142174,87953.6760350559
2024-07-14,3629,5258.586571835066,104.7825219771132,67.22570114261883,90055.28602920915
2024-07-15,3219,4535.650725474599,109.54038299674312,62.36596798074657,86111.42994718856
2024-07-16,2338,4963.320101148151,104.46436886750703,67.12031669225114,88251.81650983747
2024-07-17,3331,4463.626814307125,108.23630666603952,64.47060355349942,86260.39027319124
2024-07-18,4053,4813.146481664335,107.916064140269,65.35782313729227,87948.94621268197
2024-07-19,4207,5196.648646125041,103.36117855295988,64.18882261003766,89482.07249821725
2024-07-20,3887,4740.358983822276,109.73096213059834,63.30005823581422,88182.0568561873
2024-07-21,3852,5176.510507427148,105.40864275202449,65.48931909523525,90206.05944963655
2024-07-22,3412,4740.529470392296,110.66909520371718,62.766626772819066,88105.47684642438
2024-07-23,3423,4594.160200898563,109.96629506455783,63.294149342524946,87666.62518258837
2024-07-24,5631,3899.3704683103647,111.50173451053251,58.23145105927267,88153.81832711774
2024-07-25,5975,4446.660123806878,109.58563493672774,60.541637871395096,90994.31782426778
2024-07-26,6557,4786.6655759149635,103.65432324801456,63.12794360122576,92151.5476589904
2024-07-27,5803,4680.586773564893,108.49783471393602,61.993337358089846,92248.99810442874
2024-07-28,5099,4423.502569150354,109.9807683896448,62.81065814685391,90463.4444008629
2024-07-29,5108,4153.732697680301,111.74339296524657,58.28766467782232,89875.26585747846
2024-07-30,6698,3977.541669789198,109.34707322324273,57.75888431773466,88645.0670349358
2024-07-31,5982,3790.6603089297187,112.48359093623033,56.60660784844769,87331.47107990639
2024-08-01,6987,4770.924641717431,106.12820253417235,61.37790863978363,93542.57148990984
2024-08-02,7074,4372.948109401092,109.83535956635393,59.77462427151685,91503.98897370652
2024-08-03,6664,4360.070720017743,108.39891102734734,61.39518967109854,91453.16641656663
2024-08-04,5505,4083.5986457402005,111.34015986609741,58.48493991474148,89225.63524069029
2024-08-05,6266,4627.85969911168,105.78807559654122,61.94628725560222,92692.25327162464
2024-08-06,5935,4140.28319829155,111.33395063469364,57.96143958293398,90215.7550126369
2024-08-07,5751,3900.4702279401477,111.83640379118849,56.673249083008066,87610.59920013911
2024-08-08,5898,3654.658435530483,112.55228616424074,55.649089978807616,86106.17395727366
2024-08-09,5729,3571.7769401551623,112.4836794666271,53.54768180614118,83702.13597486472
2024-08-10,4402,5788.288131193917,106.983107255297,60.03545908254149,94023.629486597
2024-08-11,3740,5545.213008321671,106.48261375223251,60.43506991442512,92838.03422459893
2024-08-12,3332,5163.302225870817,106.58096875606321,57.440260600929214,90685.42136854742
2024-08-13,3680,5392.3784117325495,104.74183891752492,59.838420334069625,91399.00163043478
2024-08-14,3717,5115.574218552953,111.14448811118244,55.735370682169105,91304.59133709982
2024-08-15,3921,5244.118505149555,112.07232078585324,57.353244235703485,91734.91813312931
2024-08-16,4145,5120.936962007125,112.53825538368363,57.38049731835525,90985.51917973462
2024-08-17,3336,4554.783061221921,113.2513078099532,56.99422419614358,86413.85161870504
2024-08-18,2201,3132.437721207379,116.23133834152533,53.10996470262873,77295.99045888233
2024-08-19,3276,4944.70360918243,112.09941107129293,56.284836835476945,89099.5225885226
2024-08-20,3695,5042.96584357028,108.50397492693952,58.982763759628526,90463.39296346414
2024-08-21,3818,5379.8463182404375,106.95973290692704,57.80378191804561,93142.66055526453
2024-08-22,6828,6131.932741224382,105.39058321375698,59.91155717913421,96533.99340949033
2024-08-23,7863,6181.53574969522,102.81769142359491,62.432412769599495,96460.57382678367
2024-08-24,6968,6297.1318935039535,104.76884596219156,61.93669083252566,97435.18068312285
2024-08-25,6881,6078.407133710296,107.9968958431821,61.68076062129691,96647.44310419998
2024-08-26,6127,5975.658044335969,106.31722078405859,60.18012605383518,96056.08209564224
2024-08-27,6843,6557.691055130614,103.22489405521503,61.71967897717583,98192.0939646354
2024-08-28,6745,6194.219433050813,107.53703142735938,59.17162009678212,96699.70452186804
2024-08-29,7049,5339.493862057395,111.10437939714618,58.463879154901804,93831.95971059725
2024-08-30,7771,5722.200419063565,106.14210338540985,61.765101724756434,95972.8634667353
2024-08-31,6415,5406.572807301308,110.8630894435725,58.197663052232585,93715.7914263445
2024-09-01,5476,5864.69270912098,109.08349769597858,57.2515194428237,96174.36212563915
2024-09-02,6442,6563.965121999064,104.06767820816016,62.97894086603865,98100.91803787644
2024-09-03,5136,4885.790892960498,103.21434886581801,61.716884991832984,83773.68496884734
2024-09-04,5471,4532.357893511313,105.72313204057428,60.069780264317366,82091.5223907878
2024-09-05,5667,4518.904306083587,104.02380103721639,60.77390270256714,82779.54579142404
2024-09-06,6684,3816.664487207528,109.98071068764304,56.961326338301724,76903.09126271693
2024-09-07,5749,3188.821513785261,112.83557134612703,54.72870638043305,74568.2744825187
2024-09-08,6091,4668.212077818291,104.80229269430724,62.159343906115126,82719.74683959941
2024-09-09,5839,6253.782209618163,104.07830636896159,60.48752190442419,93370.41445452989
2024-09-10,4552,6807.115935206622,101.24530905369924,60.577804325754066,96949.26274165203
2024-09-11,3804,6165.445641935812,104.26370514429455,59.87923223112409,95435.74579390115
2024-09-12,3885,6152.95514231796,107.86678436161468,58.329058133865416,96526.13667953668
2024-09-13,5813,7416.418619651669,107.44461419581137,60.00589710001319,100484.35902287975
2024-09-14,7654,7898.235393571019,103.62687306121276,62.6449738166835,101667.83263652991
2024-09-15,7289,7934.1579632716575,103.57262495493329,63.80267722414655,101075.6416518041
2024-09-16,6028,5780.583892791889,105.527282873684,60.93916325926702,75100.51426675514
2024-09-17,6764,7094.950393045111,106.11879951639474,60.28191625853391,92637.50709639267
2024-09-18,7234,7110.307475610237,109.8055356642407,58.99305186220253,97640.70016588333
2024-09-19,6880,7661.184754518021,105.0816359730654,61.665277751102,99884.29404069767
2024-09-20,7605,6842.813945132725,108.78227389534393,59.78331589858678,96578.43090072321
2024-09-21,6967,7290.788351243754,106.69999440438063,59.262152152063514,98540.46189177551
2024-09-22,6494,7349.179686823293,105.41580949624135,61.08495558317823,98703.33507853403
2024-09-23,6426,6510.147931951101,109.66719295212015,58.57117367473452,94915.85262994087
2024-09-24,6800,6528.792859622731,109.50614668902229,57.980534225912656,95573.51352941176
2024-09-25,6887,6072.049141533925,110.15346351181525,57.28441492421059,93812.45302744301
2024-09-26,5464,3970.7022106343798,112.71408739690376,49.814339417838774,80883.27306002929
2024-09-27,4188,3072.5527352202816,111.78001281024164,54.225789510532,83922.6587870105
2024-09-28,3787,1919.6823291118774,114.84007087306608,53.50602483031678,74161.5806707156
2024-09-29,2918,1748.4916785948076,113.18758514435672,52.17488775325197,73800.9592186429
2024-09-30,3520,2416.3090055985886,109.55332319086249,54.87371171333573,79570.7375
2024-10-01,3603,2195.8024457327497,109.71987329123584,54.17479059810675,77372.42991951152
2024-10-02,3779,1963.6613462498087,112.27081652134302,52.68744931318167,75166.27599894152
2024-10-03,3925,2186.1959635312996,113.13368116439528,53.07089062927635,77398.3192356688
2024-10-04,4287,2165.4564273906303,112.17876085513173,52.28276996643693,77753.52624212737
2024-10-05,4106,2733.7735365000344,106.628045769128,57.43853136323686,82574.93716512421
2024-10-06,3692,2705.9999597286997,105.42330939023233,59.3757665526699,81647.63569880824
2024-10-07,4630,4790.938476035199,107.76617192212758,55.43924880635404,86475.28056155508
2024-10-08,7035,6639.231919052894,104.3228331741409,59.81744823062682,92320.59104477611
2024-10-09,6775,6220.375740944275,108.59458785109854,58.17241270255339,90629.61298892989
2024-10-10,7254,6287.824981394963,103.42981616899203,61.933845050413154,91059.01033912324
2024-10-11,8370,6719.113638097839,105.29227388762516,61.27513365295483,93051.89271206691
2024-10-12,10983,7030.295299683896,103.06296298817122,63.709081959943674,93889.72939998179
2024-10-13,7040,4830.725196907737,111.97302799224853,53.81185304007747,84266.88536931819
2024-10-14,5976,5314.412627591665,111.11963742165521,54.81316721072318,86523.8935742972
2024-10-15,6626,6037.720277702776,107.76502333024172,57.98843540556655,89713.25083006339
2024-10-16,5047,4255.419731900506,108.14585827789095,57.215266009474924,85984.54567069546
2024-10-17,6880,6842.984460209691,106.50417804274448,59.99897960064023,92102.78037790698
2024-10-18,5820,6048.927176175986,106.04430732399328,60.19467147453544,89993.82731958762
2024-10-19,6491,6754.072334464682,105.94559016130019,61.43748937514838,92729.05746418117
2024-10-20,4136,2720.271776387493,107.78252745873692,57.54295393945631,82676.82277562862
2024-10-21,5511,5979.5857422783165,107.31931795699262,58.16675965709406,90079.16784612593
2024-10-22,5540,6263.384358353047,108.16096724017862,57.60035640943782,90860.83501805054
2024-10-23,7420,7561.459285643544,107.18710528885258,59.609204975549744,93663.42264150943
2024-10-24,6559,7977.899150938536,108.18908371178729,59.1288291086673,94482.79371855466
2024-10-25,7016,8222.433210027122,105.88860340183653,61.40239092996482,94044.0267958951
2024-10-26,6382,7856.985775241355,108.89631335259381,59.689780470197455,93775.20354120966
2024-10-27,5691,9058.985765102228,107.4277076466476,62.432243469163204,96410.36689509753
2024-10-28,6019,8212.9189404451,110.6529537460142,57.854509795062626,91375.41734507393
2024-10-29,6169,7393.8794672609365,113.81649722579928,54.6029841941998,86370.99740638677
2024-10-30,5109,6411.398822682131,109.99244408375084,54.366517276580986,87488.91309453905
2024-10-31,5252,6265.647500624297,111.50285841033192,54.46216930438795,84924.09558263519
2024-11-01,3907,1835.1178888653378,113.52516884726883,48.58244688943551,73510.57409777322
2024-11-02,3355,1772.2530484468145,112.68358950664674,51.15265178197187,73355.03934426229
2024-11-03,4892,9144.46983736651,109.68377218924871,61.13976608605436,93033.25102207686
2024-11-04,5489,7458.535784259392,114.44970831138707,55.49960703753365,85514.38258334852
2024-11-05,5399,6145.373445010976,111.84564139388583,55.434634970170215,84240.50639007223
2024-11-06,4902,4536.3327183001675,112.97927556997024,53.21711025798335,79213.6721746226
2024-11-07,3831,5994.3422522249875,112.81295176729836,56.02923600812458,83593.27042547638
2024-11-08,1356,1978.0822689090155,113.30958161593186,53.028626856902356,72429.88716814159
2024-11-09,1391,2071.1143826032867,113.54672700290968,53.974676934358115,73237.31991373113
2024-11-10,1450,1597.2542560445852,118.24158736130286,47.042632601507776,67347.30827586207
2024-11-11,1285,2077.1447654635062,116.10797379193139,46.18636511420461,71689.47315175098
2024-11-12,1415,2189.5709945840463,114.96537319223788,50.33564560960965,69001.33215547704
2024-11-13,1464,1945.2702040125112,113.61057966784702,53.80963719737986,72040.72131147541
2024-11-14,1052,1666.9956972535572,114.67152793144545,50.47923147542395,67825.88688212927
2024-11-15,1512,1784.8666774204798,115.15958652294502,51.63047090156999,69657.82341269842
2024-11-16,1266,1768.02719685101,114.56443077316405,52.08930675151036,70049.37361769352
2024-11-17,997,1900.1295699843672,114.02305760665786,53.53221228321194,72364.83149448346
2024-11-18,1324,1940.3507907556263,114.84604051826223,52.05079555799594,71066.59743202417
2024-11-19,1308,1778.30348466879,113.37790873874583,53.76114453598629,70060.2117737003
2024-11-20,1311,1638.7074790739268,117.62713244195933,47.334182510841536,68266.17315026697
2024-11-21,912,1346.2377494008917,117.0672698020935,46.43949217545359,65229.38048245614
2024-11-22,826,1587.0390129920645,114.51277630785187,43.227715720853276,57757.813559322036
2024-11-23,897,1550.8364170036189,118.19481934512339,46.81282104696319,68019.52508361204
2024-11-24,864,1381.8760285554108,118.74581227479158,46.545656146826566,64555.52662037037
2024-11-25,1262,2263.0694023410415,111.91420244679398,56.30439035866038,70605.30427892234
2024-11-26,963,1449.8982068593627,116.00412128325686,46.964787274258654,66542.53063343717
2024-11-27,1596,1807.0184458108772,113.64527475983277,51.70368384119861,69828.30639097745
2024-11-28,553,1280.3406744020542,117.77732251738122,45.88771244759585,64601.981916817356
2024-11-29,1393,1689.0627837061284,115.64820002482593,50.20649796326385,69595.6582914573
2024-11-30,1847,1599.275515008502,114.42693309443153,51.131403490860656,66134.72658364916
2024-12-01,1475,1556.5729284874867,113.20703430693028,51.257920827057404,66171.40813559321
2024-12-02,1594,1752.1016623617863,112.57144132492084,53.578335397067,67618.95859473024
2024-12-03,1512,1591.3729361478613,115.3978413930015,47.84858837455669,65004.650132275136
2024-12-04,1230,1573.9202895745998,115.37687943311242,49.05886512074044,67211.08617886179
2024-12-05,582,1991.4830285560633,108.72020956085309,51.677914819356914,62845.106529209625
2024-12-06,6039,4682.057250006306,107.7214093638643,58.07336050565125,79991.87315780758
2024-12-07,4644,4905.136382202359,107.80246650423088,57.82809747980136,81338.97803617571
2024-12-08,3979,5672.673922922001,108.30823072772375,60.08995319317561,81772.24729831616
2024-12-09,4697,5330.60759446792,109.58427479390467,56.222434632088344,79658.97402597402
2024-12-10,4713,2820.7572397045487,118.23089252215344,47.04817901455924,62712.55803097814
2024-12-11,3868,2353.5470485273045,118.59420031771418,46.326246293648815,58553.34927611169
2024-12-12,5629,6303.080817757459,110.61181886625197,60.29080718015561,82135.9877420501
2024-12-13,6595,6258.6406971964,110.12980248810578,60.33207425311987,82108.42774829417
2024-12-14,5526,6849.070237073094,111.0057617964798,60.87754859848381,86319.41494752081
2024-12-15,2141,1946.3425179792864,115.03173558904656,48.54710669519744,68136.51891639421
2024-12-16,2588,1337.2070287736897,115.02201729469358,46.778017470051736,51104.97217928903
2024-12-17,4154,4876.045113913876,112.6051993519283,55.4765901914513,78851.5243139143
2024-12-18,5436,6018.549621211509,111.39913632713582,57.92717507027633,82477.70419426048
2024-12-19,6607,6300.0176785785025,113.65589433418599,57.86742362092695,82314.23792946874
2024-12-20,5646,6198.71092334927,115.33761672757426,55.00560538582121,82484.36751682607
2024-12-21,4848,3685.0998166402183,111.68355970964967,54.50468549319226,72118.27392739274
2024-12-22,3895,4569.482938487845,109.16293874209285,58.015446161703515,81569.53453145058
2024-12-23,5807,5208.51172861947,109.28531177954972,57.763892567422566,82851.34200103323
2024-12-24,4606,3597.7924742804266,110.50986845949863,54.874418695129314,72789.73273990447
2024-12-25,3150,4824.867995934865,108.59991855924092,59.097255608694894,83447.40984126984
2024-12-26,4461,5562.643189612164,107.92832617042471,60.03187282265529,85132.523201076
2024-12-27,4892,5371.099991955137,110.45103115540299,57.08117499550346,82682.33687653311
2024-12-28,3430,4381.507097427769,117.84824802854666,52.49589164945196,74370.78046647231
2024-12-29,3252,5299.760550448522,117.8927716141404,53.63002984432863,74463.39329643296
2024-12-30,3127,3350.5151385925506,113.94800387688403,51.2723649235095,69825.01471058522
2024-12-31,4662,7127.988019657667,112.76535471208818,58.79833687594498,87092.03153153154
2025-01-01,2748,7237.736803457379,115.16067601638416,58.12040115131561,85128.19905385734
2025-01-02,4708,6692.74708269325,114.1254123819006,57.6341486422815,83148.17480883602
2025-01-03,5460,6830.459276438283,111.70676983843794,59.69233853581188,82010.40586080585
2025-01-04,4678,6840.744909148687,114.1784636565588,58.69561518375157,81379.28580589996
2025-01-05,3711,7076.6203334667525,116.34836955213123,56.89464287229768,82666.7669091889
2025-01-06,4614,5611.895338808348,114.31524764938585,55.87554872898917,77679.31946250542
2025-01-07,4822,6523.753922477099,110.79540365655014,60.03869544100039,83015.91808378266
2025-01-08,5393,6432.304217055094,110.43930620079954,60.26202852987257,80697.27943630633
2025-01-09,5247,6488.741592014633,112.70618946111064,58.65742579264393,80810.88812654851
2025-01-10,5943,6987.217701290105,110.01034050430691,60.54197314289831,83113.81945145549
2025-01-11,4028,5486.01432504815,112.56037766836369,56.88971924852828,79121.38877855014
2025-01-12,4214,7002.577675651474,111.53989396459636,60.36020521309685,87887.67845277645
2025-01-13,5087,7002.042963866707,115.81084392795822,56.591554209036325,81635.84371928446
2025-01-14,5399,6542.572422672673,111.69412871302664,59.739403336594386,81676.51972587516
2025-01-15,5652,6433.444406162486,112.9055708165044,58.40454446923539,80590.19515215853
2025-01-16,5360,6899.8297695786205,114.09350573696307,58.10642774638845,80251.1255597015
2025-01-17,5534,7260.654173657659,114.31836697682172,58.00221251614222,85131.00433682688
2025-01-18,4905,6043.058262629611,117.64123447274335,54.16683627409551,77315.97023445464
2025-01-19,4024,6424.319535439341,115.64632713534012,56.99719449113425,83255.8347415507
2025-01-20,2975,3667.3198984046744,109.07998506562049,56.278275472176176,75539.97243697479
2025-01-21,4875,5080.852462840545,110.96434868915264,55.37009004250551,79766.20943589744
2025-01-22,4960,4996.020034445486,108.44800018264401,56.80425190848689,81568.07419354838
2025-01-23,5148,5369.8518951937685,108.4862519236804,57.1005758353695,80783.87626262626
2025-01-24,5623,5598.618402906102,108.0463683535233,57.843925324110465,82178.38324737684
2025-01-25,4732,5713.543459404553,108.58400450696001,56.57966554195117,83387.4471682164
2025-01-26,2286,2137.6403215329897,109.1768764852956,51.038466714707155,66719.72790901137
2025-01-27,4982,5817.21371277419,107.04805475217374,58.39737026684737,82500.92292252107
2025-01-28,5026,5828.537301503374,106.61001130683556,58.603431621965925,81288.3117787505
2025-01-29,5328,6515.147699396173,108.95748149310505,57.67004653856203,83206.67248498499
2025-01-30,5447,6704.764060619754,110.00992258224922,59.038122845588966,85713.1431980907
2025-01-31,4600,3893.044486521845,116.40109754313593,51.321001500668736,74416.47586956521
2025-02-01,4766,7130.5376827801865,111.70305213415968,59.5588016834171,87443.19450272765
2025-02-02,3644,7207.817680149518,116.46050367449563,56.863399583081645,83704.91904500549
2025-02-03,3685,3856.7260650096464,110.0782754439997,57.465342528137455,72866.82170963364
2025-02-04,5348,6125.414273053028,109.21527978173815,61.75989689538081,84129.88911742707
2025-02-05,5443,6206.620025494597,109.84666425980738,59.74640786505437,86439.6176740768
2025-02-06,1337,1594.339476078236,112.9993923817808,48.94566119243248,57992.111443530295
2025-02-07,4477,3959.1658690969994,109.6794339977313,56.081935705338736,78063.69644851463
2025-02-08,4596,6130.158919810004,112.26856675907463,57.02178977073225,83207.43733681462
2025-02-09,1252,1680.7900897626298,108.39634290518471,56.86324111645976,58792.259584664534
2025-02-10,4327,4366.571133491264,108.89868701664162,56.84898011745579,76064.21377397735
2025-02-11,5109,4962.584563474269,110.16779706696984,56.60033101581925,75857.76081424937
2025-02-12,2821,1613.724382456631,107.94020085299282,52.13176196266345,60898.31230060262
2025-02-13,3337,3652.5338534777275,110.91577885541724,55.1554997232384,67445.48936170213
2025-02-14,5868,5340.171749965301,109.52467210713746,57.96210393145041,80323.33043626448
2025-02-15,4433,4878.448682141793,112.99127300356248,54.052796844647645,77263.86329799233
2025-02-16,959,1653.9502424094924,114.7918006332127,48.703936293425976,60976.30031282586
2025-02-17,2294,1649.0896122474305,110.38030297629399,51.036574838467025,64926.864428945075
2025-02-18,2799,1698.118195288775,109.64599170664371,50.867716946998804,66253.04037156128
2025-02-19,2844,1776.6438361703092,108.34765054807382,51.221885193584676,67169.26547116737
2025-02-20,2762,1839.5490851709585,109.68246687019673,50.8675062896375,67359.35264301232
2025-02-21,3262,2454.5440061792574,107.65854078067146,53.19354739326557,69995.23482526057
2025-02-22,4788,6749.700944331655,109.77457766744028,57.20451980087293,91559.7030075188
2025-02-23,4308,7218.991841364925,110.46571074355612,58.23586778631892,93806.44103992572
2025-02-24,5212,6777.794029674984,110.2034254549836,57.96860605812219,88976.97735993861
2025-02-25,5450,6977.910923937876,111.55813065835095,56.31126899649244,89419.72587155964
2025-02-26,5690,7580.718081273513,109.50695064926818,58.324562721051315,93621.16362038664
2025-02-27,5221,5752.269466614225,115.7670313600059,53.094838869934726,82092.67726489178
2025-02-28,5838,8188.2122513659,111.9345946565153,58.9101073868514,94567.48441247002
2025-03-01,4674,7964.121991583155,114.32817535661559,57.31826424670107,90917.56653829696
2025-03-02,3905,7416.89902601645,112.9050192223621,58.891965116337225,92979.95032010243
2025-03-03,3089,3791.951711805942,113.02495509499907,53.36560738854672,81725.74069278083
2025-03-04,5657,7529.507896149561,117.23204856469307,55.48634650965598,87987.32968004243
2025-03-05,4577,5908.924309658645,117.27753508161295,52.40814113762797,80092.45510159493
2025-03-06,5647,7753.795627200162,115.90981666493336,58.4303026326002,90470.083584204
2025-03-07,5780,7303.585646590394,112.87936043590823,59.54187311482677,90323.78200692042
2025-03-08,4653,7612.649744279354,112.39485097787161,59.81880879438028,93008.3071136901
2025-03-09,4171,8001.125727212449,114.35165143704648,59.51875982145073,91543.02253656197
2025-03-10,4409,7026.77563817108,112.29940417889539,59.06104454028414,90229.91018371512
2025-03-11,3151,3079.004460505779,114.23830855698557,52.689807272002795,83645.28371945414
2025-03-12,3063,2485.1907684395915,116.55572178984171,49.66392044954116,79361.83904668626
2025-03-13,3245,2544.6051637058818,115.754532556284,50.041556080023206,80223.88228043143
2025-03-14,3399,3033.0412892506874,115.41975941535969,50.93470149364286,83184.61635775228
2025-03-15,2643,1824.7644546860959,119.52776700098137,41.8375168900304,68432.47673098752
2025-03-16,2139,1652.1559575505767,118.74307879804172,40.76453412052848,60238.36278634876
2025-03-17,2775,1840.0104063291808,118.0987566891232,44.95675278672227,70067.97945945946
2025-03-18,3022,3229.4148329325185,114.0353633822549,53.62195796575237,84625.31800132363
2025-03-19,3376,3180.0723055798862,114.17752379376742,53.81826972622442,84046.48518957346
2025-03-20,3206,1825.7633705448525,119.2285624317876,43.565829533453815,70217.14628820961
2025-03-21,3472,2191.663148660264,115.15594601081813,50.82248739163447,77301.81912442396
2025-03-22,2978,2385.311313237177,117.10895625691514,49.123287435343315,77990.55540631297
2025-03-23,2260,2493.9670691025995,114.98764819254917,52.67918322402819,79760.62831858407
2025-03-24,2840,1435.076178429832,118.65578306493624,42.87374183762241,61524.017253521124
2025-03-25,3296,2466.746678361615,116.12636585143007,49.46809521230679,79675.06492718446
2025-03-26,3442,2129.8463224137267,118.7696044429799,46.48210336661907,76267.7623474724
2025-03-27,3568,2711.711223140426,114.47672194322664,53.81736874152727,82166.41619955158
2025-03-28,3574,2375.087697853639,117.93783346687407,48.805925534701444,78001.83240067151
2025-03-29,3075,2313.643036116933,118.69849315116076,45.702569733906564,77552.01593495935
2025-03-30,2240,1594.8342693328857,119.16661905220576,37.79795033761433,50887.02276785715
2025-03-31,3095,2103.497406469293,118.73152753987104,41.64403520254403,65691.27657512117
2025-04-01,3368,2452.655820289304,114.94316893008995,52.51522449303126,80193.83491686461
2025-04-02,5975,7409.784377962375,116.16653817659642,58.03329864374265,88336.52686192469
2025-04-03,6050,6540.382953284397,119.26616016986941,53.35861539005248,79012.91504132231
2025-04-04,5183,6491.869866452299,117.55062573871028,54.133751571304934,87152.45070422535
2025-04-05,2641,1602.3130481839858,118.74337576736514,45.54006364786999,68836.83566830745
2025-04-06,2311,2051.4960116126845,118.3825898444895,46.92578722872501,75223.26828212895
2025-04-07,2989,1595.352548619025,117.30774528424291,47.257621790661624,68930.67848778855
2025-04-08,3148,1797.5043830144512,118.42820706300844,46.1730833817013,72169.58926302414
2025-04-09,3486,2600.6599610985795,115.04884591816625,54.1601218608215,81837.22920252438
2025-04-10,4024,4497.117883579868,119.47859171986816,51.71257330077306,80547.65258449304
2025-04-11,3722,2672.445155730496,117.72474858992719,47.18476124312018,75512.12197743148
2025-04-12,2461,2081.8502890204377,109.67248674041612,54.723272604944256,67822.2978464039
2025-04-13,2336,2324.6186108001293,117.59507099896261,47.602992975548524,77884.80008561644
2025-04-14,3238,2894.260794702616,116.25341644899723,51.45469786047273,83229.01019147622
2025-04-15,3494,4552.152450273292,118.46312277782421,49.55295262612407,82720.53291356612
2025-04-16,3390,1722.8344929292841,120.46024592351773,45.10874924336211,70994.04601769912
2025-04-17,3533,2915.5507844287345,115.07695021144804,55.01473163417943,84340.38182847439
2025-04-18,3563,2466.6714055277876,117.11306646209468,52.45832524177836,78516.48694920012
2025-04-19,3808,2600.851223504844,119.53218954751472,47.50048059275171,78857.78702731093
2025-04-20,2700,2723.2179850712528,116.65304274947555,52.10256598578559,81238.74111111111
2025-04-21,3144,1936.8178915941078,119.91969351732094,47.302856450165805,74563.74936386768
2025-04-22,3551,2988.305027791192,116.9453055409437,49.87248372857049,82335.32554210082
2025-04-23,3751,3220.1431720746864,115.77493519021556,53.54432484386,86044.40442548654
2025-04-24,3847,2846.2443577622885,117.16341654393528,51.309353579785686,82769.96386794905
2025-04-25,3929,2514.17696861603,119.47411429156902,48.39053229091428,78937.48434716213
2025-04-26,2676,1554.6693559541118,121.21798149815946,40.155445623469106,57397.622197309414
2025-04-27,2750,2019.0451901633523,118.83606288840554,47.99789158075506,74572.00327272728
2025-04-28,3551,3529.694433153733,113.56727545954952,55.94626582195912,88615.91607997747
2025-04-29,5492,7952.501684845926,116.71306805287672,57.19405337692783,93556.35396941005
2025-04-30,7191,9353.60193193627,114.84226176410834,60.33735971685544,99044.17549714922
2025-05-01,7276,9635.398160543331,113.92844713514096,61.3986918101801,98209.125893348
2025-05-02,7513,9821.245709048977,116.86676962893225,58.20283847856058,93918.79023026754
2025-05-03,4901,7223.924010520613,114.54167878922091,58.118741615138184,89687.76331360947
2025-05-04,5126,10447.932376654688,117.84690033417402,57.998262238697855,93362.57764338666
2025-05-05,6026,3007.8904722601796,121.44347688995877,50.11812389549765,73710.80799867242
2025-05-06,6602,6417.185919252319,118.39490958222184,53.97620078210793,82862.19948500454
2025-05-07,3591,7690.054013274832,111.52393492866246,59.995488439021884,89175.53244221666
2025-05-08,1268,2576.123642786068,116.58687169168273,50.41452884072385,79613.76104100946
2025-05-09,1319,1550.3740557366198,119.73104263201547,46.75893476426918,67442.5360121304
2025-05-10,1299,2358.783939117831,115.28264194456223,53.196122041016565,77618.34872979215
2025-05-11,1276,3088.917393412336,111.34613491524723,59.09626179877493,84610.93573667711
2025-05-12,1143,2859.2554869697683,110.84897054837445,56.731750701877594,82869.8573928259
2025-05-13,1283,2251.9168840082752,118.49042803555471,51.29636191875788,76767.97194076383
2025-05-14,1305,2017.70360729466,118.95976957708483,50.345770874608064,74563.52873563218
2025-05-15,1331,2439.446815679881,116.83966806757101,48.17585831777571,75568.99323816679
2025-05-16,1380,2456.285499373726,117.79097834048063,50.90176838031714,77947.46666666666
2025-05-17,1292,2295.437067368451,117.54688049174683,50.5245837190941,75665.95820433437
2025-05-18,1336,2119.2240338354054,117.04152990672402,52.82840400398848,75785.26571856288
2025-05-19,1175,2208.675944668384,113.40563997309259,56.522757915740314,76022.27829787234
2025-05-20,1291,2302.328193457712,113.05409473563977,55.93265291741428,77984.03253292022
2025-05-21,1345,1662.3114017302219,118.80760256969353,50.71915194429873,71972.0282527881
2025-05-22,1119,1569.576813371401,118.53752173729727,49.48693533344286,69766.3583556747
2025-05-23,1364,2160.048228960233,118.31774323986423,51.2090286243696,76166.78812316715
2025-05-24,1248,2272.6213467915854,116.74054096295284,51.73306152759454,77278.92548076923
2025-05-25,348,1934.4984523729347,117.80365424320615,51.048637006474635,75770.2327586207
2025-05-26,40,3285.4960845947267,116.42446994781494,48.46577339172363,80742.125
2025-05-27,1402,2498.8406389484053,113.21349840803596,54.72352710021885,80024.40228245364
2025-05-28,1386,2211.984152085165,117.04681202721974,53.28495384810807,77354.19985569986
2025-05-29,1468,2073.362157920401,118.40591874499412,50.24938453965356,76125.54155313352
2025-05-30,5144,5578.508713409282,115.88646282712186,54.188651188721366,91280.77896578539
2025-05-31,5234,4275.929995078006,117.14892883504854,51.84657845298525,84522.2227741689
2025-06-01,6125,5753.294113480549,114.08879405617228,55.78482219898457,91930.2292244898
2025-06-02,6663,6883.244521620681,109.96067673569951,58.78598394426841,95737.94837160438
2025-06-03,4951,4783.868188225075,109.4097482183923,59.143999076231495,88595.2235911937
2025-06-04,3954,2670.2112726839614,112.94919194099454,57.07198477008455,79946.29792615073
2025-06-05,4181,2840.5330107496616,114.01638164397092,54.927728147946944,82172.57091604879
2025-06-06,4297,2448.1515391143166,116.40997966245243,52.657474514271236,78745.75494531068
2025-06-07,3212,2103.697732813777,119.60308678984494,48.53503759058742,76515.40597758406
2025-06-08,4141,2321.1141452932093,117.1757994603201,53.88670211032922,77866.36923448443
2025-06-09,3731,2085.5375953332823,118.51771417401554,49.06666232701825,74289.54623425355
2025-06-10,5311,4848.730976843829,116.57464313740516,51.03026792913748,87774.76369798531
2025-06-11,4993,4151.441991444272,113.22221759419486,55.52391956527224,86554.89204886841
2025-06-12,4252,2705.514868520053,114.20949256947213,54.94381200515876,80635.66133584196
2025-06-13,4733,2606.011573699622,115.6317902868655,55.27912202758918,79911.04669342912
2025-06-14,3333,1939.749321233393,118.30907721051646,49.98899126095776,74473.70747074707
2025-06-15,3222,2180.491465572686,118.50445193166988,51.77139598342072,76895.4816883923
2025-06-16,3698,2424.7975000079223,116.20441685991716,52.04939084236141,78049.79259058951
2025-06-17,3487,1696.1824273256302,120.05681400720253,46.08054428822611,68595.51505592199
2025-06-18,4096,2210.1760800480843,118.87813254445791,50.156529559753835,76074.21313476562
2025-06-19,4164,2641.9253266231012,114.45390469333968,55.36547455893012,79620.43707973103
2025-06-20,4614,2666.363235268595,111.78619984336162,56.230991198999,79572.38816644993
2025-06-21,4639,3716.105610318933,112.64906283569994,57.141254994087525,85463.98857512395
2025-06-22,4229,3619.9520579166915,114.26350935572681,57.48515280675989,84135.92646015607
2025-06-23,3990,3642.6432880908324,112.59806786443954,55.932407480493225,85134.83609022557
2025-06-24,4077,3922.4982886802104,107.0191726591004,60.57100958937607,85838.71326956095
2025-06-25,4348,3768.1022696262557,107.30881244936666,60.58254924868923,85324.92065317387
2025-06-26,4491,2637.301819731042,118.4332946373025,50.961097592421986,78346.5386328212
2025-06-27,4715,2424.9998153281995,117.86013907374911,52.904107274432704,77152.82523860021
2025-06-28,3776,2846.3415162684555,115.26251218884678,53.59771606376616,79705.88400423729
2025-06-29,4043,3262.615936362328,109.86956807489652,61.1887813004827,83298.32129606728
2025-06-30,4043,3205.0067701469457,112.19982582184751,56.384295105727745,82991.21048726194
2025-07-01,3906,2666.612539858801,115.7012691390374,55.20817917795958,79057.22324628776
2025-07-02,4511,3206.542039218802,114.09186690103661,55.099761097797455,82565.76701396586
2025-07-03,4461,2899.1233291335234,113.01086995292206,56.232483523278404,81299.56489576328
2025-07-04,4426,3479.678138674302,108.58816943920634,61.69288436675901,83562.10099412562
2025-07-05,4131,2965.8688576854593,113.4633218935632,57.13218232697132,81744.83563301864
2025-07-06,4269,3076.871641079082,111.56988674797367,59.29667906449533,81789.41859920356
2025-07-07,3824,2559.412510508773,117.2157213099332,52.594619947497314,78068.21312761506
2025-07-08,4135,3207.9914319039544,112.77918341197298,56.653341168330975,82920.64764207981
2025-07-09,4307,3437.285550208055,111.1356408602128,57.18097975327682,83648.23589505456
2025-07-10,4099,2678.9197851526765,117.50519720721053,52.61144391162479,79867.66284459624
2025-07-11,4659,2723.0028539405,116.36926806814861,54.293054414066695,79641.86928525435
2025-07-12,3948,2702.819756226699,115.24974973537519,55.42596143840415,79261.1760385005
2025-07-13,3804,2733.5148007686707,117.04649844204715,52.910458709163244,79851.37828601472
2025-07-14,3563,2503.3676761238553,117.70226260005106,53.10337631092826,78472.09177659276
2025-07-15,4066,3205.136014549004,111.604869729946,56.92570356471282,82948.38908017708
2025-07-16,4401,3355.549281235799,111.89325395136414,55.66619010861151,83647.43149284253
2025-07-17,4337,2568.9908205489287,115.12438099170463,54.314336847538826,78166.31888402121
2025-07-18,4906,2978.4295905852287,108.60972040816321,60.06030027573807,80132.721157766
2025-07-19,4681,2749.6712180734366,110.29370423438992,60.10367024451641,80180.9124118778
2025-07-20,3917,2599.1439231422623,115.14073322365289,55.63780287099122,78762.0285933112
2025-07-21,4125,2902.6459647845645,110.40278599409623,57.18429916844224,81539.24945454545
2025-07-22,4107,2800.777371659429,108.49321504773553,57.838178687122344,79942.39201363525
2025-07-23,4329,2722.969198860068,109.87623733129257,57.26346856282693,79776.41418341418
2025-07-24,4382,2421.721394206769,112.42354882334749,55.7754756164899,77591.95070743952
2025-07-25,4341,2461.140136465667,112.48489040505692,55.41318718119992,79022.32849573831
2025-07-26,4264,2208.2393046194798,115.79415929697691,54.53578010330057,77455.63625703564
2025-07-27,2784,1946.121879621484,118.44803584855178,50.71123470246107,74577.24712643678
2025-07-28,3502,2653.793348241574,109.218108470749,58.23647109445063,80284.63763563678
2025-07-29,3833,2579.1579445257466,110.28101017865131,57.48847488693926,79307.97443255935
2025-07-30,3826,2254.468617624222,113.98764758152421,54.85693343222858,76747.30893883952
2025-07-31,3545,1588.3234094358802,118.13184084872097,49.89813655751044,69183.83723554302
2025-08-01,4214,2001.6239847365182,116.68585534224762,52.98563242252823,74379.11200759374
2025-08-02,4200,2493.4413948277065,110.79555070604597,58.74957570212228,79360.71928571428
2025-08-03,4128,2405.833338390025,113.56840389273887,57.26083621960278,78521.76574612403
2025-08-04,3605,2280.2245726353913,115.26180456746137,54.31118359082946,77441.05159500694
2025-08-05,3600,2079.7909887695314,116.96142207887438,52.56327745437622,74559.53222222222
2025-08-06,3842,2269.883711124323,117.53168429563841,52.68063784415122,75680.22774596565
2025-08-07,4092,2470.581435486019,114.5604285410772,54.78097213957666,77200.01539589443
2025-08-08,4542,2964.5875605352644,108.55793404085738,59.08176605463133,80330.1717305152
2025-08-09,3811,2851.239296249754,110.51112264024088,58.48270469711572,80584.38362634479
2025-08-10,3897,2762.7584460941007,111.35414151726914,58.21267179724556,80076.77418527073
2025-08-11,3587,2887.1227189492874,109.90862161228509,57.81911059385693,80560.4658488988
2025-08-12,3811,3044.93332830873,108.3181974720811,58.73985487518271,80823.17816845972
2025-08-13,3815,2363.8049277529335,113.77730109538507,53.48697141394859,75613.22254259502
2025-08-14,3995,2608.96883797007,109.74804443244791,58.857898533597904,79252.39524405506
2025-08-15,4116,2557.9823716944925,109.63262483098185,58.729065788498886,80151.47011661807
2025-08-16,3816,2117.063625503636,115.29044908047722,54.262733611420764,75087.60298742139
2025-08-17,3494,2225.8823307519924,114.56399357516764,56.4270420434752,77450.6662850601
2025-08-18,3436,2262.5233819004543,111.1576105723975,58.58649114957372,76367.41501746216
2025-08-19,3733,2260.032374335268,110.67631514002802,57.20224057270891,76955.03589606215
2025-08-20,3517,1525.5932436702535,118.79085078495689,51.226544166241716,68514.32044355985
2025-08-21,3816,1942.5940392452217,113.65256318306272,52.50236947781385,74082.7610062893
2025-08-22,4450,2753.432171233102,106.06046020850707,61.40440421886658,80309.93056179775
2025-08-23,3503,2537.782065358599,107.80116647888585,62.03042658185945,78927.28604053668
2025-09-10,4733,7405.292651852064,115.17718858394466,57.86906417872471,93773.63807310374
2025-09-11,6032,8304.389285646635,111.11639960090424,62.556346489832954,96898.3473143236
2025-09-12,6172,7519.635063502669,110.63875623963827,62.542236909106116,91305.25421257291
2025-09-13,5412,6506.067828441318,114.16963476898577,58.808527467872864,86673.12287509239
2025-09-14,4429,4897.911685973749,113.08591983646161,60.668956266512154,82251.43147437344
2025-09-15,3213,2667.4661133496365,113.64615067387903,58.00413836952017,75333.47276688453
2025-09-16,3322,2267.291536683709,119.1577976968617,52.92787064535656,69995.66496086695
2025-09-17,3397,2361.879484691513,115.90166971084824,55.96021804158253,71641.40565204593
2025-09-18,3636,3025.1708658719876,111.73639883748507,60.695473647878245,77967.14108910892
2025-09-19,3462,2846.2734789305655,112.73950408635837,59.74127436372877,75641.80415944541
2025-09-20,4005,2864.099797037151,111.25584114446175,62.1474284597104,76415.00424469414
2025-09-21,3272,2457.0672778663543,116.51011472809286,56.78049762907705,72835.2402200489
2025-09-22,2501,2340.1825907820466,119.89821956044243,53.36220489068777,69248.94762095161
2025-09-23,3532,2237.0960842318336,119.5310426346983,51.817632420281726,68557.06370328426
2025-09-24,3396,2117.9009894381143,119.80004605808864,50.22799708789875,67836.80153121319
2025-09-25,4413,4227.097699097703,118.86261665591464,52.82434941613158,76426.80512123273
2025-09-26,7551,8838.253552519302,110.0985471684796,61.60653591092857,93855.60892597007
2025-09-27,7590,8755.591347241307,112.17209864253269,60.5191052860265,93340.26574440053
2025-09-28,6854,9333.581775069759,108.22331555925585,65.37832622121783,94681.40618616866
2025-09-29,6478,9029.320320828972,111.73884821158937,60.52793956943852,93259.09431923433
2025-09-30,7001,9127.00081308139,111.96048170225124,60.45756151634971,93908.244965005
2025-10-01,6764,9026.56258985631,106.60477149535889,65.455779700502,93079.65050266114
2025-10-02,6834,8839.609425067762,109.17461203747337,63.217881140459134,93072.9634182031
2025-10-03,7544,9518.542794091072,107.18630119421829,65.30782137139605,94366.82953340403
2025-10-04,7369,10278.62176794455,108.12722376506224,66.04329676116268,96935.33763061474
2025-10-05,6475,10154.915708856177,108.62894376541196,65.66026171179811,96785.0362934363
2025-10-06,6319,9525.923842710075,107.42554059959058,64.38129703469208,93880.45323627157
2025-10-07,3652,2127.7200410640253,117.16286886325932,52.93948701125246,68283.6360898138
2025-10-08,6666,9095.535191190018,112.67251060547645,60.1254408865264,94532.10756075608
2025-10-09,6951,9844.042969592954,107.20936168538394,65.5977933689118,94020.75528700906
2025-10-10,5952,6787.702953851352,109.750581299105,62.4169692108708,84859.84459005376
2025-10-11,9418,8970.044341529041,114.94248326686973,57.6755273352765,90307.0212359312
2025-10-12,4994,7539.112380950891,117.08465312183213,55.34450556671424,85479.98498197837
2025-10-13,5569,2227.3082989531545,121.24928800309233,56.24816716091918,73122.70479439756
2025-10-14,6203,9531.274121904535,116.80268430609905,58.265337902673615,90874.2627760761
2025-10-15,6931,9562.809787189404,114.98939749503477,58.81486942124494,90244.26114557784
2025-10-16,6441,9249.013015375136,108.20811057894001,64.27034809211455,90767.25896599906
2025-10-17,7470,10434.018570914517,108.6098178179229,64.97933927073855,93015.60548862115
2025-10-18,7793,11138.130856383157,113.02608016053382,62.54136564807165,93511.34787629925
2025-10-19,6413,9917.28642663401,114.80377813220564,58.81821481920936,89832.57071573367
2025-10-20,5274,8727.861729540517,114.01601823207145,58.4446137724476,88956.78877512325
2025-10-21,6678,10237.490747351816,108.39110993039434,64.25195818898491,93418.71847858641
2025-10-22,1097,2145.066738187778,115.31318130423617,51.15349424461288,68759.7648131267
2025-10-23,1244,2013.262020098818,116.08441427666274,49.50331339882118,68164.41639871383
2025-10-24,1390,2267.7235752901584,114.4125527580865,52.382161119859,70156.68273381295
2025-10-25,1288,2189.45904939071,112.99773929430091,54.88334612224413,71270.26863354037
2025-10-26,1153,2187.368389463797,112.6755386445177,55.76249735849584,72197.20901994796
2025-10-27,1141,2581.5518222176956,111.76549252535982,55.5079766389678,72327.99649430324
2025-10-28,987,3500.0814973315205,112.28516112755618,54.46737287882734,72659.96960486322
2025-10-29,1135,2435.2448070106,117.0515422400924,48.24454243193639,67994.45198237886
2025-10-30,778,2334.048687540167,121.20884610448215,50.317008241589704,70190.05526992287
2025-10-31,4915,9505.171173126748,113.6710337424448,59.96689202821873,88961.22014242115
2025-11-01,5510,10435.3219975134,113.29743563726463,61.931903297715095,92308.69546279492
2025-11-02,5106,11275.137839712164,111.0377236563133,64.33781668068706,95812.16098707404
2025-11-03,5328,10261.228068904476,115.43393579975621,58.95687714711324,90689.1128003003
2025-11-04,5634,9762.622487656901,110.5334160255971,62.82791674014394,91490.15015974441
2025-11-05,5720,10088.738271774611,116.28184302269996,59.218137915818005,90268.55349650349
2025-11-06,5915,9635.747670242168,112.1110370710152,61.64579726579526,90726.41335587489
2025-11-07,6195,9680.528277917943,114.29655911658828,60.460586677163334,89406.70799031477
2025-11-08,4971,9362.546662721421,112.73998533689,61.45024892008537,89681.22148461074
2025-11-09,3976,9358.32575758506,117.06866000883537,58.48714886248951,90772.48440643863
2025-11-10,4499,7445.345735684319,116.41933694853468,57.91788964611765,86874.30006668149
2025-11-12,3290,8654.469568205024,115.79393647956269,59.237966074842085,87154.36291793313
2025-11-13,5435,9065.96254566126,115.50751019699813,60.68187128609216,87976.78472861086
2025-11-14,5416,8969.74993765759,114.872889044718,59.7831363706152,89014.3888478582
2025-11-15,4912,9016.53891130379,114.18975155671956,61.99716768202642,90053.67182410424
2025-11-16,3868,8275.231200761607,115.10180656764476,60.83374669312691,89113.41235780765
2025-11-17,5219,7903.7034618102125,115.64907566837297,60.358609170104195,87041.03583061889
2025-11-18,5186,8398.032946979774,112.75331383840117,62.51920424452906,88140.42209795603
2025-11-19,5554,8917.231527315442,112.85444483071899,62.80109729567663,88623.53078862082
2025-11-20,5571,9246.847793023091,113.04020828619569,63.69053733714755,87956.53563094597
2025-11-21,5613,9095.543210650603,118.12156469962525,58.68213594505627,85952.59985747372
2025-11-22,4302,8840.333197501026,114.85031769919651,62.33349577009484,87010.13110181311
2025-11-23,3813,9651.926850173593,117.81156735904193,60.070265973298966,87961.90270128507
2025-11-24,5261,9310.891147957944,111.37780880996017,65.04733226408503,86679.10188177152
2025-11-25,5765,9253.776936788965,118.50223016929131,59.74344777142805,85285.14882914137
2025-11-26,5562,9563.630604677774,115.84351334062595,62.23285671413824,85482.41855447681
2025-11-27,3420,9123.169675592791,114.54893414235255,63.84017777024654,84317.00847953216
2025-11-28,4363,8375.935040995257,112.67177899867986,64.85299629807719,80837.245014898
2025-11-29,4981,9199.358288473739,113.14342923136606,64.0412251017367,84428.4097570769
2025-11-30,3126,9325.729458604497,119.82715467329751,60.79480581106624,82576.39827255279
2025-12-01,5496,8647.017822198994,111.5546737675063,63.91965626004482,83372.3327874818
2025-12-02,2365,5056.912653865371,116.83616198485296,54.82779096962282,69433.69048625792
2025-12-03,5143,5242.073392217919,111.8523693303526,60.49437101699025,79777.5520124441
2025-12-04,5487,6596.201797198919,111.62602515313628,63.39070341020893,77530.86969199927
2025-12-05,5497,5738.630292282119,110.85229573103219,61.50716763226275,79967.56103329088
2025-12-06,5483,6004.84059431656,112.75238702089796,62.110700620170846,78916.48404158307
2025-12-07,3955,6790.60453379326,111.48172999597831,63.95745173573645,80321.89254108723
2025-12-08,5077,6862.492139953409,111.86393214840577,63.322526793886595,79940.508568052
2025-12-09,5160,6243.032368386439,110.25761421706325,63.02861825735994,81282.35096899225
2025-12-10,5071,7396.450503545455,111.61003589272805,65.3414348578975,78630.00946558864
2025-12-11,5612,5964.458175593924,112.44349360584958,62.005013382273404,79822.84212401995
2025-12-12,5713,6056.589616446659,111.4689760340005,62.93343373770558,83425.99859968493
2027-12-20,1,21727.537109375,111.70570373535156,73.9164047241211,121219.0
7075-10-31,1,17497.8125,118.6296615600586,70.18267059326172,119314.0
